sku_code,month,avg_daily_sales,sales_proportion,active_rate,seasonal_index
102900005115168,1,1.826580645,0.1636834559,0.8823529412,1.36953386
102900005115168,2,0.1786071429,0.06416062608,1,0.1339160855
102900005115168,3,1.770177419,0.1239210553,0.8888888889,1.327243843
102900005115168,4,0,0,0,0
102900005115168,5,5.548822581,0.7440713274,1,4.160396876
102900005115168,6,1.0391,0.06549555001,0.35,0.7790965256
102900005115168,7,0,0,0,0
102900005115168,8,0,0,0,0
102900005115168,9,0,0,0,0
102900005115168,10,0.4412258065,0.02873795057,1,0.3308223393
102900005115168,11,0.4375333333,0.0275781795,1,0.3280537964
102900005115168,12,4.762645161,0.4244319612,1,3.570936674
102900005115199,1,0,0,0,0
102900005115199,2,0.1318571429,0.02577546304,1,0.4061227439
102900005115199,3,1.826215054,0.5137806161,0.8781362007,5.624780368
102900005115199,4,1.642233333,0.4493434371,0.9696969697,5.058112841
102900005115199,5,0.1928387097,0.04173502656,1,0.5939472387
102900005115199,6,0,0,0,0
102900005115199,7,0,0,0,0
102900005115199,8,0,0,0,0
102900005115199,9,0,0,0,0
102900005115199,10,0,0,0,0
102900005115199,11,0.1029333333,0.02155867548,0.5,0.3170368087
102900005115199,12,0,0,0,0
102900005115250,1,3.266774194,0.089215959,0.5384615385,0.9202129453
102900005115250,2,13.22644643,0.3262438105,1,3.725738757
102900005115250,3,4.967268817,0.1804583522,0.8571428571,1.399222841
102900005115250,4,7.27755,0.2601543183,1,2.05000264
102900005115250,5,4.261204301,0.1585589393,0.6666666667,1.200332539
102900005115250,6,5.166866667,0.1848510883,1,1.455447274
102900005115250,7,0.004403225806,0.0001586915907,0.5,0.001240338373
102900005115250,8,0,0,0,0
102900005115250,9,1.64515,0.05714367477,0.9333333333,0.463419948
102900005115250,10,0.01858064516,0.0006696436357,0.1666666667,0.005233955332
102900005115250,11,2.7343,0.072309053,1,0.7702210521
102900005115250,12,0.03169354839,0.001062645581,0.7142857143,0.008927710268
102900005115748,1,0.6420645161,0.0849099666,1,0.8635717471
102900005115748,2,1.912678571,0.1690529472,1,2.572537703
102900005115748,3,5.413483871,0.776014246,0.9709618875,7.281093421
102900005115748,4,0,0,0,0
102900005115748,5,0,0,0,0
102900005115748,6,0,0,0,0
102900005115748,7,0,0,0,0
102900005115748,8,0,0,0,0
102900005115748,9,0,0,0,0
102900005115748,10,0,0,0,0
102900005115748,11,0.765,0.05022849039,1,1.02891901
102900005115748,12,0.1887580645,0.01482998175,0.7708333333,0.2538781189
102900005115762,1,0.2828709677,0.004934854552,0.8888888889,0.05835323388
102900005115762,2,0.8570357143,0.01649649341,0.6266666667,0.1767972368
102900005115762,3,5.102860215,0.09468708181,0.9773425499,1.0526651
102900005115762,4,11.97057778,0.2061044968,1,2.469401262
102900005115762,5,10.84331183,0.2010124226,0.9892473118,2.236858438
102900005115762,6,9.870244444,0.1758241553,1,2.036125118
102900005115762,7,6.830612903,0.1363556825,1,1.40908187
102900005115762,8,5.588322581,0.09472115079,0.8974358974,1.152810757
102900005115762,9,3.357811111,0.05390933985,0.9166666667,0.6926802657
102900005115762,10,3.283806452,0.050091919,1,0.6774139016
102900005115762,11,0.1833,0.002705902499,0.5,0.0378128157
102900005115762,12,0,0,0,0
102900005115779,1,8.688053763,0.04889020867,0.8666666667,0.5814954314
102900005115779,2,10.33715476,0.04130440467,0.7861111111,0.6918705192
102900005115779,3,16.30685484,0.06806454533,1,1.091425289
102900005115779,4,10.14663333,0.04577707872,0.9888888889,0.6791188324
102900005115779,5,12.15195699,0.05623095672,1,0.8133360663
102900005115779,6,15.00613333,0.07143112815,0.9333333333,1.004367401
102900005115779,7,32.10216129,0.302241185,0.9888888889,2.148612409
102900005115779,8,23.05565591,0.1224086312,1,1.543125647
102900005115779,9,19.77611111,0.0905688117,0.962962963,1.323624206
102900005115779,10,16.94768817,0.08576975169,0.9583333333,1.134316559
102900005115779,11,8.422377778,0.05983946462,0.8958333333,0.5637136156
102900005115779,12,6.349784946,0.03016201532,0.8888888889,0.4249940248
102900005115786,1,0.4606129032,0.005389284583,1,0.06966096078
102900005115786,2,1.278035714,0.01652428131,1,0.1932841984
102900005115786,3,1.442806452,0.01856245538,0.9686609687,0.2182033611
102900005115786,4,7.674788889,0.09810036052,0.9885057471,1.160699503
102900005115786,5,16.22937634,0.2085642345,1,2.454455663
102900005115786,6,19.47906667,0.2409430923,1,2.945923767
102900005115786,7,15.07932258,0.198733669,0.9677419355,2.280526862
102900005115786,8,8.173827957,0.09534637654,0.8666666667,1.236171859
102900005115786,9,6.7565,0.08339595992,0.9841269841,1.021821747
102900005115786,10,2.468569892,0.03296717085,1,0.37333507
102900005115786,11,0.211,0.003313922716,0.7,0.03191066212
102900005115786,12,0.09261290323,0.0011054225,1,0.01400634627
102900005115793,1,0.1107741935,0.02293645387,1,0.06110643326
102900005115793,2,0.4893214286,0.09151204264,1,0.2699246662
102900005115793,3,0.609983871,0.0227617764,0.9583333333,0.33648576
102900005115793,4,0.4673166667,0.02091847441,0.9090909091,0.2577861665
102900005115793,5,2.804790323,0.107591028,0.9444444444,1.547208128
102900005115793,6,3.256316667,0.1188529636,1,1.79628387
102900005115793,7,4.442430108,0.3602858425,0.977394636,2.450580322
102900005115793,8,3.76727957,0.1601059641,0.9333333333,2.078146635
102900005115793,9,2.998166667,0.138565376,0.9472222222,1.653880434
102900005115793,10,1.651989247,0.09194888721,0.9759139785,0.9112877959
102900005115793,11,0.8544166667,0.03401348983,0.7571428571,0.4713223662
102900005115793,12,0.3009032258,0.01227891491,0.6907894737,0.1659874227
102900005115823,1,5.068290323,0.06168216551,0.9259259259,0.6947427073
102900005115823,2,8.719845238,0.09318851728,0.9710144928,1.195284505
102900005115823,3,7.849677419,0.105149554,1,1.076005081
102900005115823,4,7.575488889,0.1007574395,1,1.03842032
102900005115823,5,6.536537634,0.1072487623,1,0.8960046807
102900005115823,6,5.789177778,0.08804624386,1,0.793559324
102900005115823,7,9.872053763,0.1284715866,0.9888888889,1.353225037
102900005115823,8,13.26423656,0.1314010605,0.9047619048,1.818213052
102900005115823,9,12.29336667,0.1076631671,1,1.685129757
102900005115823,10,5.014193548,0.05233332974,1,0.6873273192
102900005115823,11,2.936277778,0.03482200207,0.9487179487,0.4024942225
102900005115823,12,2.623311828,0.02512389406,0.9892473118,0.3595939943
102900005115854,1,0.2789032258,0.05110078664,1,0.5194467333
102900005115854,2,0.8700357143,0.1434426738,0.9583333333,1.620408686
102900005115854,3,0.9510967742,0.1820022926,1,1.771381851
102900005115854,4,1.607116667,0.2489280765,0.9464285714,2.993194145
102900005115854,5,1.283709677,0.161791847,0.9444444444,2.390860832
102900005115854,6,0,0,0,0
102900005115854,7,0,0,0,0
102900005115854,8,0,0,0,0
102900005115854,9,0.1643,0.07537981905,1,0.3060025499
102900005115854,10,0.8240215054,0.1295610565,1,1.534708958
102900005115854,11,0.4639,0.4430129198,0.9375,0.8639962442
102900005115854,12,0,0,0,0
102900005115878,1,5.730591398,0.1347979827,1,1.403813065
102900005115878,2,6.530446429,0.1096980192,0.9583333333,1.599752169
102900005115878,3,3.775989247,0.08480118778,0.9555555556,0.9249975565
102900005115878,4,2.306616667,0.05615988547,0.8571428571,0.5650478962
102900005115878,5,1.393483871,0.03586616651,1,0.3413593343
102900005115878,6,0,0,0,0
102900005115878,7,0,0,0,0
102900005115878,8,0,0,0,0
102900005115878,9,2.498622222,0.05579166685,1,0.6120831652
102900005115878,10,9.140397849,0.2110691213,1,2.239107456
102900005115878,11,10.27043333,0.2192172397,0.9655172414,2.515930294
102900005115878,12,7.339354839,0.1717954764,0.96,1.797909064
102900005115885,1,0.4547580645,0.03888723175,1,0.4070788547
102900005115885,2,3.066285714,0.2284862534,0.9375,2.74480031
102900005115885,3,2.701698925,0.3025051162,0.9649122807,2.418438703
102900005115885,4,2.235522222,0.2232992275,0.9166666667,2.0011384
102900005115885,5,0.2521935484,0.01666133879,1,0.22575226
102900005115885,6,0,0,0,0
102900005115885,7,0,0,0,0
102900005115885,8,0,0,0,0
102900005115885,9,0.8590111111,0.1017659986,0.8333333333,0.7689479012
102900005115885,10,1.492016129,0.1451604126,0.8857758621,1.335585368
102900005115885,11,1.328533333,0.1042356021,0.8913043478,1.189242962
102900005115885,12,1.015483871,0.06708863457,1,0.9090152399
102900005115908,1,2.23327957,0.0496230742,0.8936507937,0.5347084165
102900005115908,2,3.489761905,0.09935351924,0.8989473684,0.8355447688
102900005115908,3,1.675365591,0.02042699558,0.7111111111,0.4011284993
102900005115908,4,2.1041,0.03105421583,0.7407407407,0.5037792824
102900005115908,5,3.011258065,0.08678116382,0.9866666667,0.720977818
102900005115908,6,4.0006,0.0759441846,1,0.9578534277
102900005115908,7,8.71316129,0.2473616933,0.9761904762,2.086169926
102900005115908,8,8.433451613,0.1345201313,0.75,2.019199754
102900005115908,9,5.7519,0.08372033519,0.6666666667,1.377162708
102900005115908,10,4.599903226,0.07221922655,1,1.101343066
102900005115908,11,3.332722222,0.06359751335,0.8638888889,0.7979451592
102900005115908,12,2.774064516,0.05309692065,1,0.6641871733
102900005115946,1,0.06561290323,0.006499503111,1,0.04599914523
102900005115946,2,0,0,0,0
102900005115946,3,0,0,0,0
102900005115946,4,0.9109333333,0.04508927938,0.9444444444,0.6386267432
102900005115946,5,3.420903226,0.1882122095,1,2.398287784
102900005115946,6,3.312888889,0.1769353643,1,2.322562326
102900005115946,7,3.637860215,0.2373773771,1,2.550389514
102900005115946,8,2.378956989,0.1411450552,1,1.667812011
102900005115946,9,2.5504,0.1611672352,1,1.78800532
102900005115946,10,0.839172043,0.04790697828,0.9095238095,0.5883171569
102900005115946,11,0,0,0,0
102900005115946,12,0,0,0,0
102900005115960,1,30.52963441,0.07348766895,0.5833333333,1.739891687
102900005115960,2,23.95045238,0.2831047925,0.6470588235,1.364942418
102900005115960,3,11.73565591,0.07482758287,0.4358974359,0.6688180373
102900005115960,4,10.88241111,0.01909983163,0.3333333333,0.6201913974
102900005115960,5,8.256602151,0.0149742889,0.3333333333,0.470545872
102900005115960,6,5.735922222,0.01006717607,0.3333333333,0.326891677
102900005115960,7,10.71586022,0.1170284353,0.6666666667,0.6106996192
102900005115960,8,11.49687097,0.1223319091,0.6559139785,0.6552096221
102900005115960,9,10.9208,0.09530462665,0.5222222222,0.62237919
102900005115960,10,17.08946237,0.05727643087,0.3978494624,0.9739328387
102900005115960,11,29.34312222,0.05925074905,0.4388888889,1.672272053
102900005115960,12,39.90551613,0.07324650808,0.3655913978,2.274225588
102900005115984,1,7.05144086,0.05805835214,1,0.6728361081
102900005115984,2,13.32738095,0.07975549412,0.9880952381,1.271675294
102900005115984,3,14.01417742,0.0802647205,0.9838709677,1.337208208
102900005115984,4,4.801411111,0.02725377546,0.6333333333,0.4581422194
102900005115984,5,11.31556452,0.07451410773,1,1.079711302
102900005115984,6,6.4775,0.04331512957,1,0.6180716788
102900005115984,7,18.1008172,0.2930896687,1,1.727148202
102900005115984,8,18.31849462,0.1760770403,0.9,1.747918599
102900005115984,9,13.05486667,0.08981753369,1,1.24567246
102900005115984,10,7.775602151,0.05845038101,0.9166666667,0.7419343072
102900005115984,11,5.660566667,0.06625588097,0.8947368421,0.5401213343
102900005115984,12,5.864290323,0.03468003647,1,0.5595602879
102900005116219,1,1.001983871,0.09973379787,0.75,1.884999516
102900005116219,2,1.016964286,0.09901529059,0.8814814815,1.91318168
102900005116219,3,0.3851290323,0.03857524604,0.95,0.7245306639
102900005116219,4,0.3083833333,0.03594633221,0.6,0.5801514883
102900005116219,5,0.7997419355,0.1493014513,0.9615384615,1.504528371
102900005116219,6,0.9640666667,0.2282842152,0.6555555556,1.813667118
102900005116219,7,0.8323548387,0.3871117758,0.9323232323,1.56588196
102900005116219,8,0.2235591398,0.05802164795,0.6666666667,0.4205745047
102900005116219,9,0.003133333333,0.0002904452773,0.5,0.005894637615
102900005116219,10,0.5598548387,0.05362577671,0.4642857143,1.053236614
102900005116219,11,0.1247333333,0.01156219391,0.8,0.2346567442
102900005116219,12,0.1587741935,0.0152082091,0.9,0.2986967022
102900005116226,1,2.307983871,0.1385383989,1,1.695407409
102900005116226,2,1.977571429,0.0943293813,0.8898809524,1.452691804
102900005116226,3,1.329403226,0.06684431468,0.9049235993,0.9765579853
102900005116226,4,0.8279333333,0.05825011338,0.6555555556,0.6081863593
102900005116226,5,1.053629032,0.04592453835,0.75,0.7739787485
102900005116226,6,0.2885333333,0.01216822169,0.8,0.2119518933
102900005116226,7,1.683569892,0.3546597391,0.9476190476,1.236723058
102900005116226,8,1.977548387,0.1112021055,0.6555555556,1.452674878
102900005116226,9,1.824983333,0.1007792213,0.9827586207,1.340603071
102900005116226,10,1.083193548,0.06475861989,0.6436781609,0.7956963611
102900005116226,11,0.7302555556,0.05709510561,0.9642857143,0.5364338526
102900005116226,12,1.251177419,0.07246739863,0.9838709677,0.9190945803
102900005116233,1,8.547107527,0.3966802129,1,2.414924346
102900005116233,2,8.924011905,0.1600731498,1,2.521415993
102900005116233,3,2.079806452,0.04320459334,1,0.5876344973
102900005116233,4,2.0558,0.03928606877,0.9833333333,0.5808516454
102900005116233,5,2.730322581,0.05406682228,0.9833333333,0.7714331955
102900005116233,6,1.661855556,0.03313310038,0.6666666667,0.4695454489
102900005116233,7,2.463053763,0.07157778188,0.9718390805,0.6959182951
102900005116233,8,2.255182796,0.04606517474,0.6547619048,0.637185834
102900005116233,9,5.194716667,0.1042421285,1,1.467730189
102900005116233,10,2.160860215,0.0450346359,0.6666666667,0.6105356607
102900005116233,11,1.981422222,0.04045853395,0.9888888889,0.5598367341
102900005116233,12,2.417290323,0.04806420605,0.9838709677,0.6829881609
102900005116257,1,14.86158065,0.1047912168,0.9892473118,1.193490047
102900005116257,2,16.94632143,0.1020542042,1,1.360909478
102900005116257,3,13.07910753,0.08918065432,1,1.050344848
102900005116257,4,14.54077778,0.09823627436,1,1.167727308
102900005116257,5,18.87704301,0.1336019729,1,1.515960078
102900005116257,6,15.92305556,0.1068066571,1,1.278733991
102900005116257,7,14.37652688,0.09703016753,1,1.154536799
102900005116257,8,11.4118172,0.07346226392,0.9019607843,0.9164496415
102900005116257,9,7.494555556,0.04647588984,0.8888888889,0.6018658229
102900005116257,10,7.682505376,0.05153753232,1,0.6169595229
102900005116257,11,7.096922222,0.0480352493,0.9666666667,0.5699330536
102900005116257,12,7.136225806,0.04878791742,0.9770114943,0.5730894094
102900005116509,1,2.323849462,0.08504896939,0.9473925276,0.7250262535
102900005116509,2,2.089869048,0.06641837175,0.9824561404,0.6520258521
102900005116509,3,2.038677419,0.07215388144,1,0.6360543897
102900005116509,4,2.0392,0.07511238326,0.976984127,0.6362174315
102900005116509,5,3.489236559,0.08746757939,0.7096774194,1.088619616
102900005116509,6,6.541644444,0.1669374973,0.8888888889,2.040951464
102900005116509,7,8.096666667,0.1974359032,0.9781362007,2.526108508
102900005116509,8,4.533860215,0.1009765992,0.8836917563,1.414535554
102900005116509,9,3.239911111,0.06214830498,0.6666666667,1.010831662
102900005116509,10,2.027612903,0.04209832357,0.6403823178,0.632602331
102900005116509,11,1.237966667,0.02572328265,0.7076923077,0.386237727
102900005116509,12,0.803827957,0.0184789039,0.6625485625,0.2507892106
102900005116530,1,20.11298925,0.1639923487,0.976984127,1.810338656
102900005116530,2,6.39747619,0.05296471456,0.8971861472,0.5758268106
102900005116530,3,5.955741935,0.04337071232,0.8166666667,0.5360670023
102900005116530,4,5.199266667,0.03141070713,0.8333333333,0.4679778483
102900005116530,5,4.736306452,0.02947829919,0.9838709677,0.4263075245
102900005116530,6,4.748133333,0.02932380457,0.6666666667,0.4273720436
102900005116530,7,10.90355914,0.08725536103,0.9784946237,0.9814122783
102900005116530,8,10.25787097,0.07605057074,0.9722222222,0.9232948974
102900005116530,9,9.086788889,0.06299613611,0.8939393939,0.8178876339
102900005116530,10,17.89384946,0.144608073,0.9784946237,1.61059736
102900005116530,11,17.41826667,0.1417312586,0.9333333333,1.567790898
102900005116530,12,20.6105914,0.1571143496,0.9340501792,1.855127046
102900005116547,1,4.303494624,0.2772788071,0.6777777778,0.9362382927
102900005116547,2,5.485535714,0.08965737302,0.5,1.193394913
102900005116547,3,3.699709677,0.02862349612,0.5,0.8048830485
102900005116547,4,4.147683333,0.03105418851,0.5,0.9023410744
102900005116547,5,3.013758065,0.02331650313,0.5,0.655652197
102900005116547,6,1.848644444,0.0138410164,0.3222222222,0.4021781993
102900005116547,7,7.344913978,0.1584709522,0.6666666667,1.597908287
102900005116547,8,6.366075269,0.14620611,0.5913978495,1.384958961
102900005116547,9,5.455311111,0.1269483705,0.6111111111,1.186819459
102900005116547,10,5.453655914,0.04226727541,0.3440860215,1.186459366
102900005116547,11,4.537011111,0.06289769095,0.5,0.987040512
102900005116547,12,3.503172043,0.02710294594,0.3333333333,0.7621256907
102900005116714,1,31.39127957,0.1071928188,1,1.247055225
102900005116714,2,28.37646429,0.08656162036,1,1.127288168
102900005116714,3,16.46443011,0.05554904314,0.9769016328,0.6540687053
102900005116714,4,17.86311111,0.05782049984,1,0.7096329409
102900005116714,5,20.63033333,0.06972791905,1,0.8195640739
102900005116714,6,20.84623333,0.06793633938,1,0.8281409534
102900005116714,7,31.30190323,0.106112059,1,1.243504645
102900005116714,8,32.53219355,0.1098226334,1,1.292379364
102900005116714,9,25.4126,0.08303551424,1,1.0095452
102900005116714,10,26.47556989,0.08915372206,1,1.051772919
102900005116714,11,29.53861111,0.09533277249,0.9555555556,1.173455807
102900005116714,12,21.23517204,0.07175505822,0.9666666667,0.8435919977
102900005116790,1,3.000483871,0.04760213489,0.5,0.9686709673
102900005116790,2,1.80347619,0.1482355514,0.6666666667,0.5822311004
102900005116790,3,2.346010753,0.142428338,0.6774193548,0.75738201
102900005116790,4,1.947833333,0.03068717653,0.6666666667,0.628835108
102900005116790,5,2.277919355,0.03629544635,0.5161290323,0.7353995021
102900005116790,6,1.86845,0.029024346,0.5166666667,0.6032071315
102900005116790,7,2.910677419,0.09985543489,0.6666666667,0.9396780095
102900005116790,8,4.776258065,0.1475820727,0.7777777778,1.541958803
102900005116790,9,3.560044444,0.07729309874,0.5287356322,1.149318525
102900005116790,10,8.817903226,0.2174493361,0.5967741935,2.846756462
102900005116790,11,2.321055556,0.1046478406,0.5944444444,0.7493255178
102900005116790,12,1.540204301,0.02902297818,0.4215053763,0.4972368639
102900005116837,1,6.103784946,0.1832833886,0.6666666667,2.587255072
102900005116837,2,3.918119048,0.2380851794,0.4523809524,1.660801203
102900005116837,3,1.869580645,0.03096986214,0.3225806452,0.7924725478
102900005116837,4,1.337711111,0.0290200829,0.4444444444,0.5670251963
102900005116837,5,0.456827957,0.007625086298,0.3440860215,0.1936389403
102900005116837,6,0.1536444444,0.002463040148,0.3333333333,0.06512637187
102900005116837,7,0.006838709677,0.0001132841723,0.5,0.002898772886
102900005116837,8,0,0,0,0
102900005116837,9,1.0802,0.01731644758,0.5,0.457872116
102900005116837,10,2.115666667,0.03504631114,0.3333333333,0.8967827935
102900005116837,11,4.584155556,0.1106643064,0.5666666667,1.943118871
102900005116837,12,6.68355914,0.3512229218,0.6781609195,2.833008115
102900005116899,1,37.47666667,0.1267862781,0.987654321,1.510622799
102900005116899,2,32.05494048,0.0995248816,1,1.292081933
102900005116899,3,19.34284946,0.06550367055,1,0.7796784507
102900005116899,4,9.769166667,0.03247606135,1,0.393779042
102900005116899,5,5.274043011,0.01844103183,1,0.2125880001
102900005116899,6,5.009444444,0.01680472492,0.9888888889,0.2019224671
102900005116899,7,15.22196774,0.05384643041,1,0.6135724857
102900005116899,8,32.01375269,0.1104357219,1,1.290421721
102900005116899,9,29.04476667,0.09476948696,0.8666666667,1.170746778
102900005116899,10,44.09206452,0.1515488374,1,1.777278607
102900005116899,11,33.38127778,0.1098791093,0.9666666667,1.345544409
102900005116899,12,35.02408602,0.1199837657,0.9569892473,1.411763307
102900005116912,1,0.4132258065,0.05161929861,0.4677419355,1.041402104
102900005116912,2,0.2988928571,0.0337238025,0.5,0.7532628539
102900005116912,3,0.1594193548,0.0199143305,0.5,0.4017649647
102900005116912,4,0.04768333333,0.005764356491,0.5,0.120170432
102900005116912,5,0.01003225806,0.001253208577,0.5,0.02528306435
102900005116912,6,0.43765,0.05290675886,0.4655172414,1.102955391
102900005116912,7,0.9609892473,0.2598875174,0.6666666667,2.421862837
102900005116912,8,1.088139785,0.31585774,0.6666666667,2.742304676
102900005116912,9,0.6873444444,0.1768528333,0.6111111111,1.732229545
102900005116912,10,0.3844193548,0.04802085726,0.5,0.968804752
102900005116912,11,0,0,0,0
102900005116912,12,0.2737741935,0.03419929643,0.5,0.6899593799
102900005116943,1,1.052225806,0.1244764167,1,1.534098759
102900005116943,2,1.40175,0.2307631106,0.9866666667,2.043689598
102900005116943,3,0.4287526882,0.04414967082,0.9803921569,0.6251024853
102900005116943,4,0.4894333333,0.03149932316,0.5,0.7135721862
102900005116943,5,0.2805591398,0.01865832005,0.3333333333,0.4090428361
102900005116943,6,0.3807222222,0.02453530771,0.3456790123,0.555076187
102900005116943,7,0.9532258065,0.2946647155,0.8260869565,1.389761131
102900005116943,8,0.8988709677,0.1008158058,0.6666666667,1.310514176
102900005116943,9,0.7311888889,0.07670219727,0.6666666667,1.06604111
102900005116943,10,0.873,0.08176299343,0.9166666667,1.272795448
102900005116943,11,0.3021666667,0.02046531254,0.3793103448,0.4405456561
102900005116943,12,0.4388064516,0.04612960615,0.8064516129,0.6397604284
102900005117209,1,0.8879569892,0.4336480768,0.7361111111,3.331606387
102900005117209,2,0.2744166667,0.09853851737,0.3622863248,1.029608788
102900005117209,3,0.03440860215,0.01516668839,0.2398190045,0.1291007561
102900005117209,4,0.02087777778,0.0110446482,0.4,0.07833322855
102900005117209,5,0.02337096774,0.004396824819,0.375,0.08768765417
102900005117209,6,0.009877777778,0.001798379233,0.09090909091,0.03706133059
102900005117209,7,0.3635591398,0.07223217342,0.4451612903,1.36407052
102900005117209,8,0.3031612903,0.1150211646,0.507654321,1.137458349
102900005117209,9,0.3281444444,0.1235541699,0.5703338807,1.231194912
102900005117209,10,0.2538548387,0.05793445186,0.5236175115,0.952461
102900005117209,11,0.2253833333,0.04103399726,0.4814814815,0.8456361759
102900005117209,12,0.4732903226,0.09012899915,0.5208333333,1.7757809
102900005118817,1,8.543301075,0.2025214711,0.9855072464,1.702770913
102900005118817,2,5.424797619,0.08174839911,0.9455128205,1.081219954
102900005118817,3,4.440419355,0.06080456528,0.9838709677,0.8850228795
102900005118817,4,3.124388889,0.04132761755,0.6666666667,0.6227239884
102900005118817,5,4.814258065,0.06604287462,0.9468339307,0.9595329167
102900005118817,6,3.204922222,0.04471921004,0.8333333333,0.6387751397
102900005118817,7,3.604451613,0.08310687117,0.7455197133,0.7184056033
102900005118817,8,2.521139785,0.03855920146,0.9166666667,0.5024900159
102900005118817,9,2.706444444,0.03934825447,1,0.5394232085
102900005118817,10,7.427827957,0.1085521902,0.9523809524,1.480445238
102900005118817,11,6.028622222,0.09943990486,0.8333333333,1.201568629
102900005118817,12,8.366946237,0.1761119201,0.9655172414,1.667621515
102900005118824,1,0,0,0,0
102900005118824,2,0.1169285714,0.006671801957,0.5,0.105519503
102900005118824,3,0.918311828,0.07169416686,0.6666666667,0.828709412
102900005118824,4,1.481133333,0.1096327049,0.7894736842,1.336614749
102900005118824,5,1.520075269,0.1130464364,0.9247311828,1.371757004
102900005118824,6,3.290222222,0.2369009258,0.9777777778,2.969185456
102900005118824,7,2.741709677,0.2268130396,1,2.474192911
102900005118824,8,1.430139785,0.1229917167,0.8666666667,1.290596793
102900005118824,9,0.8061222222,0.06223979223,1,0.7274664798
102900005118824,10,0.7652903226,0.06623395376,0.9444444444,0.69061867
102900005118824,11,0.1522666667,0.0147216645,0.3103448276,0.1374095552
102900005118824,12,0.07527419355,0.0047552382,0.3333333333,0.06792946663
102900005118831,1,13.92473118,0.09587436642,0.7,1.695095733
102900005118831,2,8.928571429,0.05956359147,0.6785714286,1.086899498
102900005118831,3,7.623655914,0.0563343229,0.6774193548,0.9280485518
102900005118831,4,7.311111111,0.05402208597,0.6777777778,0.8900016154
102900005118831,5,8.537634409,0.05889064355,0.6666666667,1.039309662
102900005118831,6,5.388888889,0.03811063728,0.6666666667,0.6560042302
102900005118831,7,6.397849462,0.1314327067,0.6774193548,0.7788277692
102900005118831,8,6.956989247,0.1774639993,0.6774193548,0.8468933893
102900005118831,9,4.355555556,0.1078739288,0.6777777778,0.5302137283
102900005118831,10,4.161290323,0.04348946388,0.3785440613,0.5065652885
102900005118831,11,11.36666667,0.07393935132,0.4827586207,1.383695521
102900005118831,12,13.62365591,0.1030049024,0.6344086022,1.658445014
102900005119944,1,0.3947741935,0.03380961853,0.4838709677,0.6682689066
102900005119944,2,0.3768214286,0.02914898555,0.5,0.6378786865
102900005119944,3,0.07929032258,0.006790655528,0.5,0.1342216843
102900005119944,4,0.2912333333,0.02413749282,0.5,0.49299621
102900005119944,5,0.4989677419,0.04273305928,0.5,0.8446464657
102900005119944,6,0.6729,0.05577012333,0.4833333333,1.139076856
102900005119944,7,0.9580645161,0.2017870274,0.6666666667,1.621799847
102900005119944,8,1.308688172,0.3046584824,0.6666666667,2.215331265
102900005119944,9,1.543916667,0.2185840508,0.9137931034,2.613523172
102900005119944,10,0.5732096774,0.04909135614,0.5,0.9703223023
102900005119944,11,0,0,0,0
102900005119944,12,0.3910322581,0.03348914821,0.46,0.6619346041
102900005119968,1,0.02717741935,0.04093183695,0.5,0.1638453139
102900005119968,2,0.058875,0.08009036584,0.5,0.3549414583
102900005119968,3,0,0,0,0
102900005119968,4,0.006966666667,0.01015401059,0.5,0.04200014991
102900005119968,5,0.005397849462,0.01219452947,0.3333333333,0.03254217511
102900005119968,6,0.11215,0.1614942669,0.6666666667,0.6761220305
102900005119968,7,0.6843064516,0.3931447316,0.4677419355,4.125498596
102900005119968,8,0.8986290323,0.5162763976,0.4821428571,5.417591493
102900005119968,9,0.1969666667,0.2404244257,0.6666666667,1.187458784
102900005119968,10,0,0,0,0
102900005119968,11,0,0,0,0
102900005119968,12,0,0,0,0
102900005119975,1,0,0,0,0
102900005119975,2,0.07016071429,0.001318595794,0.8571428571,0.01490119928
102900005119975,3,1.117419355,0.01607264634,0.7698412698,0.2373249568
102900005119975,4,2.2678,0.0334279365,0.8641975309,0.4816504517
102900005119975,5,7.423290323,0.1452183677,1,1.576607786
102900005119975,6,12.72358889,0.2291246198,1,2.702320458
102900005119975,7,15.09373118,0.2996305877,0.9885057471,3.205707047
102900005119975,8,9.756806452,0.135332812,0.7777777778,2.072215466
102900005119975,9,5.656322222,0.09958106726,1,1.201327345
102900005119975,10,1.934473118,0.03836634208,1,0.4108562709
102900005119975,11,0.4571333333,0.00709967028,1,0.09708901864
102900005119975,12,0,0,0,0
102900005122654,1,21.71246237,0.3980501104,0.9888888889,4.669800735
102900005122654,2,17.40154762,0.2897402817,1,3.742632158
102900005122654,3,1.706516129,0.03362838757,0.9545454545,0.3670283978
102900005122654,4,0,0,0,0
102900005122654,5,0,0,0,0
102900005122654,6,0,0,0,0
102900005122654,7,0,0,0,0
102900005122654,8,0,0,0,0
102900005122654,9,0,0,0,0
102900005122654,10,0.980516129,0.01942404893,0.9666666667,0.2108841855
102900005122654,11,5.474522222,0.09879290178,0.9285714286,1.177431075
102900005122654,12,8.519010753,0.1715737321,0.9696969697,1.832223449
102900005123880,1,0.4238924731,0.3669585448,0.6087301587,1.728234934
102900005123880,2,0.1451785714,0.02819392426,0.1923076923,0.5919017079
102900005123880,3,0.02513978495,0.02363698465,0.3555555556,0.1024964049
102900005123880,4,0.0293,0.03367945132,0.25,0.1194578502
102900005123880,5,0.001720430108,0.0003699079854,0.0303030303,0.007014296317
102900005123880,6,0.01236666667,0.002573172423,0.1666666667,0.05041963871
102900005123880,7,0.5604677419,0.1221299099,0.5140086207,2.285060463
102900005123880,8,0.5439032258,0.2222509372,0.7426086957,2.217525941
102900005123880,9,0.6229666667,0.3017040875,0.8983333333,2.539872312
102900005123880,10,0.1686774194,0.03839887196,0.3548387097,0.6877079145
102900005123880,11,0.2172222222,0.04519813196,0.3194444444,0.8856279756
102900005123880,12,0.1924623656,0.04138114394,0.2933333333,0.7846805611
102900005125808,1,2.044387097,0.2770227658,0.9583333333,1.36683422
102900005125808,2,2.380511905,0.1185278589,0.9170040486,1.591560198
102900005125808,3,1.114548387,0.03764158517,0.5465949821,0.7451636127
102900005125808,4,0.9556666667,0.03120068779,0.5,0.6389386357
102900005125808,5,0.716344086,0.02965597716,0.6888888889,0.4789325913
102900005125808,6,1.416233333,0.0485976938,0.5689655172,0.9468638234
102900005125808,7,2.328064516,0.2014105444,0.9275362319,1.556494976
102900005125808,8,2.038860215,0.1047167206,0.6559139785,1.363139063
102900005125808,9,1.513577778,0.07843507759,0.6666666667,1.011946272
102900005125808,10,1.559564516,0.06979500617,0.8225806452,1.042692038
102900005125808,11,0.8504666667,0.0382157866,0.6666666667,0.5686041281
102900005125808,12,1.030290323,0.04078793042,0.7692307692,0.6888304427
102900005125815,1,1.734306452,0.02834802315,0.5,0.6876769702
102900005125815,2,2.665232143,0.03934851246,0.5,1.056802137
102900005125815,3,0.9805376344,0.1903356949,0.6666666667,0.3887970024
102900005125815,4,1.304116667,0.02062875154,0.5,0.5171006527
102900005125815,5,1.191268817,0.1328278648,0.3642473118,0.4723548887
102900005125815,6,1.131322222,0.017895458,0.3333333333,0.4485852182
102900005125815,7,5.559516129,0.1506143376,0.6666666667,2.204426561
102900005125815,8,6.205473118,0.2101616402,0.6666666667,2.460557619
102900005125815,9,6.2945,0.213609415,0.9333333333,2.495858033
102900005125815,10,1.396236559,0.02308049326,0.3548387097,0.5536274894
102900005125815,11,0.9014888889,0.05908802103,0.5,0.3574530598
102900005125815,12,0.8997419355,0.01470668877,0.3333333333,0.3567603681
102900011000328,1,7.307526882,0.1160616482,0.9298245614,1.027025185
102900011000328,2,7.51975,0.07204778484,0.9285714286,1.056851758
102900011000328,3,7.535795699,0.06958820955,1,1.059106877
102900011000328,4,6.917111111,0.06823729799,0.9166666667,0.9721547977
102900011000328,5,13.52577419,0.1902209115,0.9888888889,1.900959239
102900011000328,6,12.65245556,0.1645188142,1,1.778220007
102900011000328,7,10.03264516,0.1218372846,0.9892473118,1.410022764
102900011000328,8,6.848978495,0.07253802111,0.7666666667,0.9625792034
102900011000328,9,4.305255556,0.03852779695,0.6666666667,0.6050755549
102900011000328,10,3.463462366,0.03249520299,0.8333333333,0.486767019
102900011000328,11,2.134166667,0.02044883615,0.7037037037,0.2999431888
102900011000328,12,3.139913978,0.03347819193,0.7400409626,0.4412944059
102900011000571,1,2.03416129,0.2279955167,1,1.647713364
102900011000571,2,0.8180952381,0.08895362416,0.641025641,0.6626743235
102900011000571,3,4.401258065,0.4933075421,1,3.565111462
102900011000571,4,0.01753333333,0.00334584314,1,0.01420236821
102900011000571,5,0,0,0,0
102900011000571,6,2.8781,0.5492207875,1,2.331321442
102900011000571,7,0.2085483871,0.02677783715,1,0.1689285732
102900011000571,8,0,0,0,0
102900011000571,9,0,0,0,0
102900011000571,10,0,0,0,0
102900011000571,11,3.054766667,0.4449017547,1,2.474425153
102900011000571,12,1.401967742,0.1808960305,0.9444444444,1.135623313
102900011001219,1,0.6112580645,0.2784994403,0.6654040404,2.212762875
102900011001219,2,0.2501666667,0.1097848939,0.5681818182,0.9056068862
102900011001219,3,0.1164623656,0.08754577964,0.4981060606,0.4215954175
102900011001219,4,0.04574444444,0.0367147542,0.3055555556,0.1655955386
102900011001219,5,0.005784946237,0.0008799908402,0.09523809524,0.02094158754
102900011001219,6,0.001888888889,0.0002780640202,0.04761904762,0.006837804604
102900011001219,7,0.4323225806,0.06961452389,0.3666666667,1.565013882
102900011001219,8,0.3975268817,0.1167643144,0.5444444444,1.439052958
102900011001219,9,0.4134444444,0.1807741294,0.6371794872,1.496674761
102900011001219,10,0.2208064516,0.03592800868,0.3159636063,0.7993224908
102900011001219,11,0.31745,0.04673192993,0.4642857143,1.149173508
102900011001219,12,0.5020483871,0.07809222114,0.5029761905,1.817422291
102900011001691,1,0,0,0,0
102900011001691,2,0,0,0,0
102900011001691,3,0,0,0,0
102900011001691,4,0,0,0,0
102900011001691,5,0.1696774194,0.06768771433,1,0.9880142744
102900011001691,6,0.6747166667,0.3630395513,0.8576998051,3.928806204
102900011001691,7,0.5461774194,0.3969783288,0.95,3.180335302
102900011001691,8,0.6702580645,0.6722944055,0.962962963,3.902844219
102900011001691,9,0,0,0,0
102900011001691,10,0,0,0,0
102900011001691,11,0,0,0,0
102900011001691,12,0,0,0,0
102900011001806,1,1.268817204,0.07302965394,0.7142857143,0.978083895
102900011001806,2,1.214285714,0.06565604776,0.5896358543,0.9360476017
102900011001806,3,0.6612903226,0.0241745283,0.5,0.5097640639
102900011001806,4,0.7333333333,0.02594339623,0.4523809524,0.5652993359
102900011001806,5,0.2741935484,0.01002358491,0.4545454545,0.2113655875
102900011001806,6,0.5333333333,0.01886792453,0.42,0.4111267897
102900011001806,7,1.021505376,0.1765259928,0.679197995,0.7874404239
102900011001806,8,1.795698925,0.3806607571,0.9218390805,1.384237377
102900011001806,9,2.633333333,0.2027105551,0.8928571429,2.029938524
102900011001806,10,2.064516129,0.08460087959,0.5344827586,1.591458541
102900011001806,11,1.866666667,0.06603773585,0.5,1.438943764
102900011001806,12,1.5,0.05666074196,0.5208333333,1.156294096
102900011001813,1,0,0,0,0
102900011001813,2,0,0,0,0
102900011001813,3,0,0,0,0
102900011001813,4,0,0,0,0
102900011001813,5,0.5161290323,0.007547169811,0.9,0.2033898305
102900011001813,6,0,0,0,0
102900011001813,7,0.6612903226,0.2232704403,1,0.2605932203
102900011001813,8,1.322580645,0.1836477987,0.8333333333,0.5211864407
102900011001813,9,2.966666667,0.1569968553,0.5625,1.169067797
102900011001813,10,5.838709677,0.1280660377,0.311827957,2.300847458
102900011001813,11,14.86666667,0.2103773585,0.5,5.858474576
102900011001813,12,4.279569892,0.09386792453,0.3333333333,1.686440678
102900011006948,1,0.3841290323,0.02301004999,0.4583333333,0.346572296
102900011006948,2,0.7497321429,0.1489495117,0.9045454545,0.676429971
102900011006948,3,0.6453870968,0.1519973615,0.7773279352,0.5822868598
102900011006948,4,0.8037333333,0.04659206629,0.4814814815,0.7251514031
102900011006948,5,3.330290323,0.1994906408,0.9285714286,3.004684017
102900011006948,6,1.217911111,0.2384070699,0.9824561404,1.098834544
102900011006948,7,1.895790323,0.1918554115,0.9821428571,1.710436728
102900011006948,8,2.151370968,0.2331226912,1,1.94102896
102900011006948,9,1.561633333,0.2231593087,1,1.408950651
102900011006948,10,0.1337741935,0.01013636132,0.4722222222,0.1206949372
102900011006948,11,0.4169333333,0.02416944115,0.68,0.3761692829
102900011006948,12,0.009709677419,0.00347318379,1,0.008760351117
102900011007044,1,0.6666666667,0.3081946484,0.8787878788,1.895725396
102900011007044,2,0.7976190476,0.2011482297,1,2.268100028
102900011007044,3,0.6774193548,0.09251101322,0.4782608696,1.926301613
102900011007044,4,0.3,0.03964757709,0.5,0.8530764284
102900011007044,5,0.03225806452,0.0625,0.09090909091,0.09172864822
102900011007044,6,0,0,0,0
102900011007044,7,0.03225806452,0.004405286344,0.08333333333,0.09172864822
102900011007044,8,0.3225806452,0.04405286344,0.1481481481,0.9172864822
102900011007044,9,0.1111111111,0.09808288465,0.6913580247,0.3159542327
102900011007044,10,0.06451612903,0.008810572687,0.04,0.1834572964
102900011007044,11,0.1833333333,0.02422907489,0.1428571429,0.521324484
102900011007044,12,1.032258065,0.3725893294,0.9047619048,2.935316743
102900011007969,1,0,0,0,0
102900011007969,2,0,0,0,0
102900011007969,3,0,0,0,0
102900011007969,4,0.0814,0.03420215969,1,0.5546094896
102900011007969,5,0.7176451613,0.3834716849,0.8666666667,4.889592342
102900011007969,6,0.8267833333,0.5994272353,0.9833333333,5.63319266
102900011007969,7,0,0,0,0
102900011007969,8,0.08467741935,0.632987702,1,0.5769398075
102900011007969,9,0.05073333333,0.367012298,1,0.3456657015
102900011007969,10,0,0,0,0
102900011007969,11,0,0,0,0
102900011007969,12,0,0,0,0
102900011008164,1,4.240849462,0.07675801946,0.9607279693,0.7714535126
102900011008164,2,3.361345238,0.0484228949,1,0.6114627775
102900011008164,3,3.784913978,0.0552821784,0.8722222222,0.6885142256
102900011008164,4,5.894744444,0.08900474876,0.9523809524,1.072313778
102900011008164,5,8.150021505,0.1384888871,1,1.48257154
102900011008164,6,9.113922222,0.1536094977,1,1.657914853
102900011008164,7,6.604483871,0.1153626865,0.9672043011,1.201422575
102900011008164,8,4.185010753,0.05082024099,0.8484848485,0.7612958852
102900011008164,9,6.812944444,0.09252547148,0.8095238095,1.239343667
102900011008164,10,5.776322581,0.08583244012,0.9892473118,1.05077164
102900011008164,11,5.158422222,0.08679494933,0.8405797101,0.9383693004
102900011008164,12,2.883655914,0.04555221409,0.962962963,0.5245662464
102900011008522,1,0.5190967742,0.006398488411,0.5,0.1110738153
102900011008522,2,0,0,0,0
102900011008522,3,0,0,0,0
102900011008522,4,0,0,0,0
102900011008522,5,0,0,0,0
102900011008522,6,0,0,0,0
102900011008522,7,13.206,0.1786948122,1,2.825755962
102900011008522,8,17.52429032,0.3973547441,0.9761904762,3.749762825
102900011008522,9,13.89636667,0.2913004342,0.9885057471,2.97347728
102900011008522,10,7.359645161,0.151640648,0.6919354839,1.574781251
102900011008522,11,1.854522222,0.02216346885,0.3452380952,0.3968216892
102900011008522,12,1.721354839,0.02121775656,0.5,0.368327177
102900011009246,1,0.4108064516,0.0609309736,0.5,1.474624211
102900011009246,2,0.5836071429,0.07818398427,0.5,2.094906784
102900011009246,3,0.4511935484,0.0669212036,0.5,1.619597082
102900011009246,4,0.3527,0.05062509868,0.5,1.266046229
102900011009246,5,0.009419354839,0.001397082394,0.5,0.03381156415
102900011009246,6,0.24055,0.03452755171,0.5,0.8634743989
102900011009246,7,0.05103225806,1,0.1764705882,0.1831845702
102900011009246,8,0.1645376344,0.03660642945,0.3333333333,0.5906216378
102900011009246,9,0.2591666667,0.03719971101,0.5,0.9303004852
102900011009246,10,0.3273548387,0.04855339773,0.5,1.175067647
102900011009246,11,0.1789444444,0.03852741774,0.3333333333,0.6423360906
102900011009246,12,0.3136935484,0.04652714981,0.5,1.1260293
102900011009277,1,7.757602151,0.469245285,0.9880952381,5.063260186
102900011009277,2,2.631821429,0.1253261848,0.8445981555,1.71774685
102900011009277,3,0,0,0,0
102900011009277,4,0,0,0,0
102900011009277,5,0,0,0,0
102900011009277,6,0,0,0,0
102900011009277,7,0,0,0,0
102900011009277,8,0,0,0,0
102900011009277,9,0,0,0,0
102900011009277,10,0,0,0,0
102900011009277,11,0.4292166667,0.03424956312,0.5,0.2801427061
102900011009277,12,7.566989247,0.3825954881,0.7573632539,4.938850258
102900011009970,1,7.306645161,0.2443521125,0.6,0.8848847453
102900011009970,2,8.138619048,0.07530520316,0.5793650794,0.9856424781
102900011009970,3,9.947854839,0.04250094391,0.5333333333,1.204753317
102900011009970,4,7.226855556,0.03381478333,0.3666666667,0.8752216779
102900011009970,5,4.589666667,0.01928865354,0.3333333333,0.5558400511
102900011009970,6,5.375622222,0.04049884667,0.3461538462,0.6510246489
102900011009970,7,13.1623871,0.2297698297,0.6666666667,1.594055178
102900011009970,8,11.85280645,0.1329766421,0.5053763441,1.435455997
102900011009970,9,6.210844444,0.0857646115,0.6111111111,0.7521757774
102900011009970,10,11.65824194,0.05218723616,0.5161290323,1.411892903
102900011009970,11,7.050644444,0.02890534312,0.3444444444,0.8538813061
102900011009970,12,6.565870968,0.04619852105,0.3655913978,0.7951719197
102900011010891,1,1.154612903,0.08367249138,0.8823529412,1.117953793
102900011010891,2,2.558071429,0.1674384899,1,2.476852327
102900011010891,3,2.914096774,0.2111787739,1,2.821573822
102900011010891,4,1.750583333,0.4677786029,0.8333333333,1.695002084
102900011010891,5,2.613322581,0.1893822687,1,2.530349248
102900011010891,6,0.4145333333,0.02907135761,0.7142857143,0.401371846
102900011010891,7,0,0,0,0
102900011010891,8,0.08603225806,0.2950874087,1,0.08330072266
102900011010891,9,0.1488333333,0.01043773012,0.4,0.1441078556
102900011010891,10,0,0,0,0
102900011010891,11,0.1646833333,0.3817711151,0.4166666667,0.159454616
102900011010891,12,0.5887258065,0.1573160219,0.9705882353,0.5700336854
102900011012994,1,2.602150538,0.4193707657,0.8405797101,1.577164936
102900011012994,2,1.964285714,0.1485502622,0.7638888889,1.1905547
102900011012994,3,1.209677419,0.03595397891,0.4827586207,0.7331861789
102900011012994,4,0.9166666667,0.0263662512,0.4375,0.5555921933
102900011012994,5,1.048387097,0.03116011505,0.4791666667,0.6354280217
102900011012994,6,0.3833333333,0.01102588686,0.3095238095,0.2323385536
102900011012994,7,0.6612903226,0.08506224066,0.4565217391,0.4008084444
102900011012994,8,1.112903226,0.1192239908,0.9482758621,0.6745312845
102900011012994,9,0.6833333333,0.06751391414,0.9047619048,0.4141687259
102900011012994,10,5.612903226,0.1668264621,0.5,3.40198387
102900011012994,11,2.216666667,0.06375838926,0.4833333333,1.34352294
102900011012994,12,1.387096774,0.04122722915,0.4833333333,0.8407201518
102900011013274,1,3.784946237,0.09946082688,0.7777777778,1.370659324
102900011013274,2,4.547619048,0.1018217248,1,1.646849403
102900011013274,3,3.193548387,0.1067220442,0.8735632184,1.156493804
102900011013274,4,2.566666667,0.08931674851,1,0.929478354
102900011013274,5,1.129032258,0.03954002516,0.95,0.408861446
102900011013274,6,1.388888889,0.04679372173,1,0.5029644773
102900011013274,7,2.661290323,0.1320387981,1,0.9637448371
102900011013274,8,1.870967742,0.09926429146,0.7733333333,0.6775418249
102900011013274,9,2.633333333,0.1107082954,0.724137931,0.9536206489
102900011013274,10,2.623655914,0.06534286477,0.6008547009,0.9501161222
102900011013274,11,3.844444444,0.08352790809,0.5897435897,1.392205673
102900011013274,12,2.892473118,0.06947568351,0.6666666667,1.047464086
102900011016701,1,44.35246774,0.1296452088,1,1.408706225
102900011016701,2,36.57308333,0.123106565,0.9880952381,1.161620374
102900011016701,3,34.50653763,0.1276027756,1,1.095983534
102900011016701,4,30.20056667,0.1057287208,0.9888888889,0.959218921
102900011016701,5,31.80822581,0.1160844384,1,1.01028078
102900011016701,6,24.08543333,0.08531024856,0.9888888889,0.7649923801
102900011016701,7,25.37474194,0.07417765422,0.9838709677,0.8059429099
102900011016701,8,42.19758065,0.123386221,1,1.34026352
102900011016701,9,15.63333333,0.04443509102,0.9888888889,0.496539992
102900011016701,10,35.25958065,0.1030999699,1,1.1199014
102900011016701,11,30.43186667,0.08618002777,0.95,0.9665653837
102900011016701,12,27.39106452,0.08010915923,0.95,0.8699845814
102900011021842,1,18.67741935,0.3552954809,0.8,2.911912007
102900011021842,2,11.91666667,0.1723040617,0.7261904762,1.857873622
102900011021842,3,5.666666667,0.09690821731,0.7336917563,0.8834643799
102900011021842,4,2.811111111,0.03996012869,0.5828282828,0.4382676238
102900011021842,5,0,0,0,0
102900011021842,6,0,0,0,0
102900011021842,7,0,0,0,0
102900011021842,8,0.9677419355,0.008303349017,0.5,0.1508762698
102900011021842,9,10.13333333,0.1860296153,0.880952381,1.579842185
102900011021842,10,10.4516129,0.1085896985,0.6724137931,1.629463714
102900011021842,11,8.033333333,0.07341482272,0.5367816092,1.25244068
102900011021842,12,8.311827957,0.08740823741,0.6344086022,1.295859517
102900011022764,1,2.731951613,0.1019519323,1,0.7243648376
102900011022764,2,2.65775,0.3898856713,0.9131944444,0.7046906095
102900011022764,3,2.808354839,0.04612201867,1,0.7446228136
102900011022764,4,4.019033333,0.06387596817,1,1.06562884
102900011022764,5,2.805435484,0.06464285537,0.8833333333,0.7438487596
102900011022764,6,4.255177778,0.2009437682,0.9166666667,1.128241491
102900011022764,7,7.073,0.2082155713,0.9337557604,1.875374539
102900011022764,8,8.165677419,0.2477929047,0.9655172414,2.165093104
102900011022764,9,3.799233333,0.06698602397,0.7,1.007349846
102900011022764,10,4.26016129,0.06996524651,1,1.129562847
102900011022764,11,0.9244166667,0.01469209252,0.4666666667,0.2451049738
102900011022764,12,1.757967742,0.02887135909,0.9677419355,0.4661173397
102900051000463,1,0.8151935484,0.09800811337,0.6956521739,0.7003619302
102900051000463,2,0.5913333333,0.05377729589,0.7255892256,0.5080356138
102900051000463,3,0.5711827957,0.06916207508,0.6634744268,0.4907235663
102900051000463,4,0.7908777778,0.1180716668,0.6119413919,0.6794713821
102900051000463,5,0.8729247312,0.08287725683,0.4992987377,0.7499608539
102900051000463,6,1.170377778,0.1426831738,0.7031746032,1.005513404
102900051000463,7,0.8444193548,0.1056100527,0.4542440318,0.7254708657
102900051000463,8,0.8427634409,0.08897630599,0.6559139785,0.7240482108
102900051000463,9,2.512177778,0.1523887395,0.632183908,2.158301769
102900051000463,10,3.335983871,0.1925075605,0.9464285714,2.866063044
102900051000463,11,1.0925,0.06110630548,0.8235294118,0.9386058197
102900051000463,12,0.5277903226,0.02986725383,0.6418181818,0.4534435408
102900051000944,1,0,0,0,0
102900051000944,2,0,0,0,0
102900051000944,3,0,0,0,0
102900051000944,4,0.08436666667,0.005362628981,0.5,0.1238398872
102900051000944,5,1.047075269,0.1077355318,0.7416666667,1.536977676
102900051000944,6,3.1384,0.4147376748,1,4.60678509
102900051000944,7,2.415537634,0.2619343964,0.9885057471,3.54571207
102900051000944,8,1.44955914,0.2075719313,0.7632850242,2.127774481
102900051000944,9,0.04013333333,0.01333613939,1,0.05891079583
102900051000944,10,0,0,0,0
102900051000944,11,0,0,0,0
102900051000944,12,0,0,0,0
102900051004294,1,3.322505376,0.3176202985,1,1.394893082
102900051004294,2,3.452339286,0.08924164896,1,1.449401472
102900051004294,3,1.535177419,0.04447461538,0.9666666667,0.6445161463
102900051004294,4,2.102066667,0.05608857676,0.9833333333,0.8825142229
102900051004294,5,2.049376344,0.06165605774,0.6666666667,0.8603931552
102900051004294,6,1.534711111,0.04544739223,0.6666666667,0.6443203753
102900051004294,7,2.521236559,0.1381242794,0.9885057471,1.058495032
102900051004294,8,2.739150538,0.08387324507,0.6666666667,1.149982228
102900051004294,9,2.143766667,0.06345590607,0.6666666667,0.9000212048
102900051004294,10,3.571306452,0.1077362627,0.9838709677,1.49934766
102900051004294,11,2.164116667,0.05997712686,1,0.9085647799
102900051004294,12,1.447129032,0.05147733381,0.7222222222,0.6075506422
102900051010455,1,3.711177419,0.03497199116,0.9827586207,0.5041926289
102900051010455,2,2.857785714,0.02743368062,1,0.3882526566
102900051010455,3,4.022903226,0.04880067092,1,0.5465430304
102900051010455,4,5.951888889,0.06939651276,0.9888888889,0.8086108981
102900051010455,5,5.233623656,0.05158157444,0.688172043,0.7110289193
102900051010455,6,4.992822222,0.05112686413,0.6888888889,0.6783141514
102900051010455,7,14.35851613,0.1869447481,1,1.9507173
102900051010455,8,22.62916129,0.2617460802,1,3.074349467
102900051010455,9,13.6879,0.1534609421,1,1.859608826
102900051010455,10,6.899698925,0.0902344386,0.951827957,0.9373783429
102900051010455,11,2.040055556,0.01887453182,0.6666666667,0.2771575857
102900051010455,12,1.942075269,0.01708529557,0.8214285714,0.2638461935
