level,item_code,item_name,n_days,zero_share,mean_qty_kg,median_qty_kg,std_qty_kg,skewness,distribution,n_positive,parameter_1,parameter_2,parameter_3,log_likelihood,aic,ks_statistic,ks_p_value
category,水生根茎类,水生根茎类,1095,0.009132420091,37.08452237,30.047,31.41233458,2.481904817,Normal,1085,37.42631521,31.35342162,,-5277.724202,10559.4484,0.1252144515,2.75341032e-15
category,水生根茎类,水生根茎类,1095,0.009132420091,37.08452237,30.047,31.41233458,2.481904817,Lognormal,1085,0.8825825515,26.76172802,0,-4970.394103,9944.788205,0.06814054601,7.977536254e-05
category,水生根茎类,水生根茎类,1095,0.009132420091,37.08452237,30.047,31.41233458,2.481904817,Gamma,1085,1.637571667,22.85476475,0,-4946.3608,9896.7216,0.02516915402,0.4898411338
category,水生根茎类,水生根茎类,1095,0.009132420091,37.08452237,30.047,31.41233458,2.481904817,Weibull,1085,1.294990775,40.66755543,0,-4958.848022,9921.696045,0.0265003002,0.4239278096
category,花叶类,花叶类,1095,0.009132420091,181.4242493,172.11,87.61331103,2.709422327,Normal,1085,183.0963622,86.25938717,,-6375.782701,12755.5654,0.07501214418,9.351691301e-06
category,花叶类,花叶类,1095,0.009132420091,181.4242493,172.11,87.61331103,2.709422327,Lognormal,1085,0.4508035744,166.008762,0,-6221.667256,12447.33451,0.0440789386,0.02862652048
category,花叶类,花叶类,1095,0.009132420091,181.4242493,172.11,87.61331103,2.709422327,Gamma,1085,5.264494673,34.77947526,0,-6219.296094,12442.59219,0.03016499467,0.2714400907
category,花叶类,花叶类,1095,0.009132420091,181.4242493,172.11,87.61331103,2.709422327,Weibull,1085,2.169247379,206.2078389,0,-6301.732559,12607.46512,0.06422029659,0.0002471003512
category,花菜类,花菜类,1095,0.0100456621,38.16417991,33.858,22.88678148,1.470771606,Normal,1084,38.5514548,22.67576058,,-4921.614817,9847.229635,0.09182039771,2.103168385e-08
category,花菜类,花菜类,1095,0.0100456621,38.16417991,33.858,22.88678148,1.470771606,Lognormal,1084,0.6381938545,32.32224449,0,-4819.009821,9642.019642,0.05876014321,0.001074550039
category,花菜类,花菜类,1095,0.0100456621,38.16417991,33.858,22.88678148,1.470771606,Gamma,1084,2.993356322,12.87900626,0,-4771.528554,9547.057107,0.02854378512,0.3338947829
category,花菜类,花菜类,1095,0.0100456621,38.16417991,33.858,22.88678148,1.470771606,Weibull,1084,1.801069028,43.47659435,0,-4792.72532,9589.45064,0.04543108921,0.02208161208
category,茄类,茄类,1095,0.04109589041,20.49508584,18.27,13.56385241,1.553793241,Normal,1050,21.37344667,13.15633951,,-4195.634381,8395.268763,0.09770031633,3.551528232e-09
category,茄类,茄类,1095,0.04109589041,20.49508584,18.27,13.56385241,1.553793241,Lognormal,1050,0.6597680678,17.6974378,0,-4070.316061,8144.632123,0.04760305215,0.01659415942
category,茄类,茄类,1095,0.04109589041,20.49508584,18.27,13.56385241,1.553793241,Gamma,1050,2.804826277,7.620239029,0,-4027.411483,8058.822966,0.02443421012,0.5492887018
category,茄类,茄类,1095,0.04109589041,20.49508584,18.27,13.56385241,1.553793241,Weibull,1050,1.728631864,24.06142394,0,-4049.960902,8103.921803,0.04592523367,0.02310298719
category,辣椒类,辣椒类,1095,0.009132420091,83.69416621,72.537,53.79589249,3.056928635,Normal,1085,84.46554101,53.43703071,,-5856.22511,11716.45022,0.1370501277,3.082760601e-18
category,辣椒类,辣椒类,1095,0.009132420091,83.69416621,72.537,53.79589249,3.056928635,Lognormal,1085,0.5364282605,72.8092652,0,-5516.095847,11036.19169,0.02482150171,0.5078315079
category,辣椒类,辣椒类,1095,0.009132420091,83.69416621,72.537,53.79589249,3.056928635,Gamma,1085,3.524955608,23.96215738,0,-5559.414347,11122.82869,0.06152260191,0.0005174146924
category,辣椒类,辣椒类,1095,0.009132420091,83.69416621,72.537,53.79589249,3.056928635,Weibull,1085,1.74035459,95.41538493,0,-5646.709079,11297.41816,0.08626353658,1.790119951e-07
category,食用菌,食用菌,1095,0.009132420091,69.52669041,57.276,48.73605247,2.933734633,Normal,1085,70.1674894,48.49877137,,-5751.017543,11506.03509,0.1158628249,3.808260782e-13
category,食用菌,食用菌,1095,0.009132420091,69.52669041,57.276,48.73605247,2.933734633,Lognormal,1085,0.612265727,58.27791044,0,-5418.026449,10840.0529,0.02450426117,0.5244929579
category,食用菌,食用菌,1095,0.009132420091,69.52669041,57.276,48.73605247,2.933734633,Gamma,1085,2.848783244,24.63068735,0,-5445.357163,10894.71433,0.05169463201,0.005842669186
category,食用菌,食用菌,1095,0.009132420091,69.52669041,57.276,48.73605247,2.933734633,Weibull,1085,1.612065755,78.9027598,0,-5507.623895,11019.24779,0.0844805419,3.476831503e-07
sku,102900005116899,净藕(1),1088,0.02849264706,24.96917188,21.824,20.37654594,1.364399986,Normal,1057,25.70147493,20.21285649,,-4677.497066,9358.994133,0.1037430139,2.333864132e-10
sku,102900005116899,净藕(1),1088,0.02849264706,24.96917188,21.824,20.37654594,1.364399986,Lognormal,1057,1.030859004,17.23386279,0,-4541.090997,9086.181994,0.1093227098,1.86054999e-11
sku,102900005116899,净藕(1),1088,0.02849264706,24.96917188,21.824,20.37654594,1.364399986,Gamma,1057,1.394190182,18.43469798,0,-4456.034981,8916.069962,0.05844446464,0.001400773185
sku,102900005116899,净藕(1),1088,0.02849264706,24.96917188,21.824,20.37654594,1.364399986,Weibull,1057,1.251271895,27.57094142,0,-4450.67761,8905.35522,0.04492251718,0.02721581085
sku,102900005118824,高瓜(1),1095,0.503196347,1.077585388,0,1.5766833,2.030836266,Normal,544,2.169036765,1.623714989,,-1035.588462,2075.176923,0.1379859101,1.69595951e-09
sku,102900005118824,高瓜(1),1095,0.503196347,1.077585388,0,1.5766833,2.030836266,Lognormal,544,0.7751686821,1.656816747,0,-908.024157,1820.048314,0.05070547136,0.117816096
sku,102900005118824,高瓜(1),1095,0.503196347,1.077585388,0,1.5766833,2.030836266,Gamma,544,2.006770822,1.080859229,0,-901.609583,1807.219166,0.04981046512,0.1300088391
sku,102900005118824,高瓜(1),1095,0.503196347,1.077585388,0,1.5766833,2.030836266,Weibull,544,1.439013546,2.40312319,0,-911.7859252,1827.57185,0.06712059244,0.01417613877
sku,102900011001691,菱角,1055,0.9004739336,0.1198312796,0,0.4702974595,5.459130932,Normal,105,1.204019048,0.9575733117,,-144.4364815,292.872963,0.1609438111,0.007638246268
sku,102900011001691,菱角,1055,0.9004739336,0.1198312796,0,0.4702974595,5.459130932,Lognormal,105,0.7816592442,0.9033612438,0,-112.4517863,228.9035727,0.06013667752,0.8199438583
sku,102900011001691,菱角,1055,0.9004739336,0.1198312796,0,0.4702974595,5.459130932,Gamma,105,1.889984583,0.6370523118,0,-114.0004394,232.0008788,0.06909021167,0.6718592508
sku,102900011001691,菱角,1055,0.9004739336,0.1198312796,0,0.4702974595,5.459130932,Weibull,105,1.371898369,1.326164336,0,-116.4293962,236.8587923,0.08519025321,0.4083924218
sku,102900011007969,红莲藕带,1058,0.9092627599,0.09517013233,0,0.3999359464,6.149946685,Normal,96,1.048854167,0.8732085468,,-123.202336,250.404672,0.1963898863,0.001016137741
sku,102900011007969,红莲藕带,1058,0.9092627599,0.09517013233,0,0.3999359464,6.149946685,Lognormal,96,0.7904357522,0.7801017816,0,-89.8019284,183.6038568,0.0633074406,0.8128943002
sku,102900011007969,红莲藕带,1058,0.9092627599,0.09517013233,0,0.3999359464,6.149946685,Gamma,96,1.838139167,0.5706065055,0,-91.70819586,187.4163917,0.09759013473,0.3001382997
sku,102900011007969,红莲藕带,1058,0.9092627599,0.09517013233,0,0.3999359464,6.149946685,Weibull,96,1.334498535,1.150320837,0,-94.2154221,192.4308442,0.1103730671,0.1788512428
sku,102900011009277,荸荠,803,0.7347447073,2.08220797,0,5.410642684,4.833292387,Normal,213,7.849826291,8.067885608,,-746.9547846,1497.909569,0.1702909123,7.190925695e-06
sku,102900011009277,荸荠,803,0.7347447073,2.08220797,0,5.410642684,4.833292387,Lognormal,213,1.013445794,5.039022006,0,-649.544938,1303.089876,0.05789689298,0.4560092743
sku,102900011009277,荸荠,803,0.7347447073,2.08220797,0,5.410642684,4.833292387,Gamma,213,1.268715606,6.18722293,0,-648.3809169,1300.761834,0.03748413288,0.9146158908
sku,102900011009277,荸荠,803,0.7347447073,2.08220797,0,5.410642684,4.833292387,Weibull,213,1.10400721,8.171609444,0,-650.0764244,1304.152849,0.04039149376,0.8637201993
sku,102900011010891,野藕(1),1015,0.8384236453,0.4431073892,0,1.279436278,3.528251775,Normal,164,2.742402439,1.955907876,,-342.7260529,689.4521058,0.1320447541,0.00592369879
sku,102900011010891,野藕(1),1015,0.8384236453,0.4431073892,0,1.279436278,3.528251775,Lognormal,164,0.8106378098,2.059292486,0,-316.7442014,637.4884028,0.08700173166,0.1574001606
sku,102900011010891,野藕(1),1015,0.8384236453,0.4431073892,0,1.279436278,3.528251775,Gamma,164,1.895051737,1.447138558,0,-312.9366614,629.8733228,0.05186491506,0.7496288943
sku,102900011010891,野藕(1),1015,0.8384236453,0.4431073892,0,1.279436278,3.528251775,Weibull,164,1.450537298,3.034932573,0,-313.7275909,631.4551818,0.05309974034,0.723665409
sku,102900011021842,洪湖莲藕(粉藕),856,0.5408878505,7.078271028,0,13.54879361,4.144130283,Normal,393,15.4173028,16.4703112,,-1658.655703,3321.311406,0.1945851581,1.642955931e-13
sku,102900011021842,洪湖莲藕(粉藕),856,0.5408878505,7.078271028,0,13.54879361,4.144130283,Lognormal,393,0.9413920728,10.23822327,0,-1448.075726,2900.151452,0.07913139398,0.01376629732
sku,102900011021842,洪湖莲藕(粉藕),856,0.5408878505,7.078271028,0,13.54879361,4.144130283,Gamma,393,1.364036644,11.30270427,0,-1457.382534,2918.765068,0.0851486903,0.00629216969
sku,102900011021842,洪湖莲藕(粉藕),856,0.5408878505,7.078271028,0,13.54879361,4.144130283,Weibull,393,1.122315851,16.16635747,0,-1463.30079,2930.601581,0.08352355508,0.00781787821
sku,102900051000944,洪湖藕带,1095,0.7643835616,0.6808712329,0,1.626966303,3.009636215,Normal,258,2.889744186,2.202581401,,-569.810691,1143.621382,0.1233525321,0.0007025681991
sku,102900051000944,洪湖藕带,1095,0.7643835616,0.6808712329,0,1.626966303,3.009636215,Lognormal,258,0.8509268208,2.105958298,0,-516.5882398,1037.17648,0.08654001615,0.03947103942
sku,102900051000944,洪湖藕带,1095,0.7643835616,0.6808712329,0,1.626966303,3.009636215,Gamma,258,1.72821474,1.67209787,0,-512.0502042,1028.100408,0.06069439294,0.286212593
sku,102900051000944,洪湖藕带,1095,0.7643835616,0.6808712329,0,1.626966303,3.009636215,Weibull,258,1.363318204,3.168591561,0,-513.8847369,1031.769474,0.05781930411,0.3412203153
sku,102900005115168,牛首生菜,943,0.8918345705,0.9542279958,0,3.191826284,4.014964341,Normal,102,8.821931373,4.977796174,,-308.4404307,620.8808614,0.1250752647,0.07531225886
sku,102900005115168,牛首生菜,943,0.8918345705,0.9542279958,0,3.191826284,4.014964341,Lognormal,102,0.6651059353,7.370550324,0,-306.8794397,617.7588794,0.1119105056,0.1439264066
sku,102900005115168,牛首生菜,943,0.8918345705,0.9542279958,0,3.191826284,4.014964341,Gamma,102,2.937739336,3.00296601,0,-299.2603595,602.5207191,0.08243346501,0.4675579378
sku,102900005115168,牛首生菜,943,0.8918345705,0.9542279958,0,3.191826284,4.014964341,Weibull,102,1.851994093,9.938183124,0,-299.3466668,602.6933335,0.08368991315,0.4483997079
sku,102900005115199,四川红香椿,894,0.8310961969,0.3730257271,0,1.222938849,5.586543373,Normal,151,2.208509934,2.191104166,,-332.7049645,669.4099289,0.1964468892,1.397230643e-05
sku,102900005115199,四川红香椿,894,0.8310961969,0.3730257271,0,1.222938849,5.586543373,Lognormal,151,0.8971469701,1.514343244,0,-260.5331035,525.0662071,0.08088048829,0.2622153706
sku,102900005115199,四川红香椿,894,0.8310961969,0.3730257271,0,1.222938849,5.586543373,Gamma,151,1.469499206,1.502899712,0,-264.5335486,533.0670972,0.08567818683,0.2054876099
sku,102900005115199,四川红香椿,894,0.8310961969,0.3730257271,0,1.222938849,5.586543373,Weibull,151,1.17094118,2.347637152,0,-267.3495988,538.6991976,0.09461520474,0.1255297052
sku,102900005115748,白菜苔,844,0.8909952607,0.8515118483,0,3.080654335,4.391239857,Normal,92,7.811695652,5.717827591,,-290.9525277,585.9050553,0.09836302516,0.3147103813
sku,102900005115748,白菜苔,844,0.8909952607,0.8515118483,0,3.080654335,4.391239857,Lognormal,92,0.9528931622,5.506028899,0,-283.0407324,570.0814648,0.1003448975,0.292504615
sku,102900005115748,白菜苔,844,0.8909952607,0.8515118483,0,3.080654335,4.391239857,Gamma,92,1.57546823,4.958332707,0,-276.0754133,556.1508267,0.04894126755,0.9725447682
sku,102900005115748,白菜苔,844,0.8909952607,0.8515118483,0,3.080654335,4.391239857,Weibull,92,1.349789348,8.511396033,0,-275.4302978,554.8605957,0.04519801773,0.987618837
sku,102900005115762,苋菜,1095,0.4200913242,4.659961644,2.63,5.648836491,1.403570477,Normal,635,8.03568189,5.281910353,,-1957.848748,3919.697496,0.09082299287,5.226674209e-05
sku,102900005115762,苋菜,1095,0.4200913242,4.659961644,2.63,5.648836491,1.403570477,Lognormal,635,0.8319198942,6.158616889,0,-1938.509985,3881.019971,0.129907126,8.381843586e-10
sku,102900005115762,苋菜,1095,0.4200913242,4.659961644,2.63,5.648836491,1.403570477,Gamma,635,2.030309517,3.957860525,0,-1881.868201,3767.736403,0.07988376228,0.000568056227
sku,102900005115762,苋菜,1095,0.4200913242,4.659961644,2.63,5.648836491,1.403570477,Weibull,635,1.553950544,8.928214348,0,-1875.87476,3755.74952,0.05908292459,0.02278906403
sku,102900005115779,云南生菜,1094,0.2595978062,14.54791773,12.3335,14.119063,1.034425835,Normal,810,19.64866914,13.00076139,,-3226.99663,6457.993261,0.08975710163,3.965131242e-06
sku,102900005115779,云南生菜,1094,0.2595978062,14.54791773,12.3335,14.119063,1.034425835,Lognormal,810,0.9607443889,14.52364627,0,-3284.282491,6572.564981,0.1115262634,3.131604879e-09
sku,102900005115779,云南生菜,1094,0.2595978062,14.54791773,12.3335,14.119063,1.034425835,Gamma,810,1.803113039,10.89708116,0,-3151.462195,6306.924391,0.05395604201,0.01723447312
sku,102900005115779,云南生菜,1094,0.2595978062,14.54791773,12.3335,14.119063,1.034425835,Weibull,810,1.496043363,21.65555402,0,-3135.183746,6274.367493,0.03141541949,0.3928634313
sku,102900005115786,竹叶菜,1095,0.3908675799,6.618226484,2.455,8.428337698,1.586622109,Normal,667,10.8650045,8.395147248,,-2365.577106,4735.154213,0.1025694025,1.458554562e-06
sku,102900005115786,竹叶菜,1095,0.3908675799,6.618226484,2.455,8.428337698,1.586622109,Lognormal,667,1.039017001,7.288913864,0,-2296.859958,4597.719917,0.1092411197,2.184860984e-07
sku,102900005115786,竹叶菜,1095,0.3908675799,6.618226484,2.455,8.428337698,1.586622109,Gamma,667,1.395720265,7.7845144,0,-2237.482925,4478.96585,0.06395562028,0.008154584922
sku,102900005115786,竹叶菜,1095,0.3908675799,6.618226484,2.455,8.428337698,1.586622109,Weibull,667,1.262125081,11.66795571,0,-2232.699745,4469.399489,0.05550701752,0.03157373267
sku,102900005115793,小白菜,965,0.5046632124,1.771153368,0,2.502933915,1.354392827,Normal,478,3.575654812,2.488982982,,-1114.12848,2232.25696,0.1093838391,1.952800581e-05
sku,102900005115793,小白菜,965,0.5046632124,1.771153368,0,2.502933915,1.354392827,Lognormal,478,0.905000901,2.582426074,0,-1084.031578,2172.063156,0.07810114177,0.005540802851
sku,102900005115793,小白菜,965,0.5046632124,1.771153368,0,2.502933915,1.354392827,Gamma,478,1.683878945,2.123463104,0,-1053.530602,2111.061203,0.07238801635,0.01267457217
sku,102900005115793,小白菜,965,0.5046632124,1.771153368,0,2.502933915,1.354392827,Weibull,478,1.415293827,3.926679972,0,-1048.965065,2101.93013,0.06754459825,0.02433429008
sku,102900005115823,上海青,1095,0.1607305936,6.948297717,5.101,7.003497151,1.838178658,Normal,919,8.278983678,6.886634663,,-3077.290855,6158.58171,0.152050326,5.135895702e-19
sku,102900005115823,上海青,1095,0.1607305936,6.948297717,5.101,7.003497151,1.838178658,Lognormal,919,0.8435711257,6.029481688,0,-2798.803956,5601.607911,0.02853058007,0.4349409261
sku,102900005115823,上海青,1095,0.1607305936,6.948297717,5.101,7.003497151,1.838178658,Gamma,919,1.724877618,4.799751351,0,-2791.668148,5587.336296,0.05848437521,0.003567536863
sku,102900005115823,上海青,1095,0.1607305936,6.948297717,5.101,7.003497151,1.838178658,Weibull,919,1.312502956,9.036068858,0,-2808.20436,5620.40872,0.0639989975,0.001025244972
sku,102900005115854,萝卜叶,766,0.7859007833,0.5421997389,0,1.392848723,3.477275823,Normal,164,2.532469512,2.005255778,,-346.8124656,697.6249312,0.1409863597,0.0026287493
sku,102900005115854,萝卜叶,766,0.7859007833,0.5421997389,0,1.392848723,3.477275823,Lognormal,164,0.817625142,1.866593695,0,-302.0392003,608.0784006,0.04829668531,0.8208913661
sku,102900005115854,萝卜叶,766,0.7859007833,0.5421997389,0,1.392848723,3.477275823,Gamma,164,1.78750109,1.416765297,0,-302.4396977,608.8793954,0.05899057023,0.5968945846
sku,102900005115854,萝卜叶,766,0.7859007833,0.5421997389,0,1.392848723,3.477275823,Weibull,164,1.353307441,2.77900215,0,-305.0630563,614.1261125,0.06359181391,0.5008360691
sku,102900005115878,茼蒿,963,0.466251298,4.271281412,1.996,5.54797867,1.773862024,Normal,514,8.002420233,5.273478252,,-1583.957146,3171.914291,0.1143054548,2.630451593e-06
sku,102900005115878,茼蒿,963,0.466251298,4.271281412,1.996,5.54797867,1.773862024,Lognormal,514,0.7178968129,6.431565391,0,-1515.645708,3035.291416,0.07400063691,0.006804880629
sku,102900005115878,茼蒿,963,0.466251298,4.271281412,1.996,5.54797867,1.773862024,Gamma,514,2.441790918,3.277274961,0,-1491.2841,2986.568199,0.03606413941,0.5042584577
sku,102900005115878,茼蒿,963,0.466251298,4.271281412,1.996,5.54797867,1.773862024,Weibull,514,1.616472389,8.963164088,0,-1499.582688,3003.165376,0.0506138687,0.1387893155
sku,102900005115885,蔡甸藜蒿,988,0.6933198381,0.9526194332,0,2.051393753,3.234792018,Normal,303,3.106231023,2.651834378,,-725.4396161,1454.879232,0.1556512349,7.069626515e-07
sku,102900005115885,蔡甸藜蒿,988,0.6933198381,0.9526194332,0,2.051393753,3.234792018,Lognormal,303,0.8529038093,2.230016208,0,-624.7371811,1253.474362,0.05210447402,0.3704502975
sku,102900005115885,蔡甸藜蒿,988,0.6933198381,0.9526194332,0,2.051393753,3.234792018,Gamma,303,1.655796516,1.875973885,0,-626.3941139,1256.788228,0.05706510557,0.2669598384
sku,102900005115885,蔡甸藜蒿,988,0.6933198381,0.9526194332,0,2.051393753,3.234792018,Weibull,303,1.282259072,3.374080711,0,-631.5743567,1267.148713,0.06302913515,0.1725036918
sku,102900005115908,菜心,1093,0.3494967978,4.115414456,2.581,5.635102432,3.014648227,Normal,711,6.326509142,5.901405773,,-2271.025806,4546.051612,0.1506934615,1.465098258e-14
sku,102900005115908,菜心,1093,0.3494967978,4.115414456,2.581,5.635102432,3.014648227,Lognormal,711,0.9050267618,4.411705341,0,-1993.223857,3990.447715,0.04772419711,0.0759170832
sku,102900005115908,菜心,1093,0.3494967978,4.115414456,2.581,5.635102432,3.014648227,Gamma,711,1.532390096,4.128523903,0,-1987.867795,3979.735591,0.03486853756,0.3450309375
sku,102900005115908,菜心,1093,0.3494967978,4.115414456,2.581,5.635102432,3.014648227,Weibull,711,1.219239278,6.790202041,0,-1999.189143,4002.378287,0.04393730232,0.1246969867
sku,102900005115946,木耳菜,1095,0.6155251142,1.431474886,0,2.294335911,1.899116577,Normal,421,3.723194774,2.271304206,,-942.7422435,1889.484487,0.09051633024,0.001882840084
sku,102900005115946,木耳菜,1095,0.6155251142,1.431474886,0,2.294335911,1.899116577,Lognormal,421,0.668852314,3.065497344,0,-899.6586257,1803.317251,0.06688152207,0.04417297666
sku,102900005115946,木耳菜,1095,0.6155251142,1.431474886,0,2.294335911,1.899116577,Gamma,421,2.727573841,1.365020708,0,-883.2693534,1770.538707,0.03794158168,0.5663142083
sku,102900005115946,木耳菜,1095,0.6155251142,1.431474886,0,2.294335911,1.899116577,Weibull,421,1.733603578,4.190697274,0,-889.1625313,1782.325063,0.0507153875,0.2213993222
sku,102900005115960,大白菜,1095,0.5616438356,17.53067945,0,32.50772474,2.966493752,Normal,480,39.9918625,38.89024735,,-2438.24738,4880.49476,0.2065763851,1.925384933e-18
sku,102900005115960,大白菜,1095,0.5616438356,17.53067945,0,32.50772474,2.966493752,Lognormal,480,0.8942479753,27.28601879,0,-2214.499587,4432.999175,0.06141542664,0.05129344116
sku,102900005115960,大白菜,1095,0.5616438356,17.53067945,0,32.50772474,2.966493752,Gamma,480,1.45200845,27.54244475,0,-2232.251217,4468.502434,0.1194467367,2.002700053e-06
sku,102900005115960,大白菜,1095,0.5616438356,17.53067945,0,32.50772474,2.966493752,Weibull,480,1.165806841,42.45850177,0,-2240.844607,4485.689214,0.1116118436,1.155718168e-05
sku,102900005115984,云南油麦菜,1092,0.2838827839,9.440548535,6.3805,10.99494143,1.806649276,Normal,782,13.18296547,10.93047249,,-2979.805575,5963.611151,0.1288262665,8.955232727e-12
sku,102900005115984,云南油麦菜,1092,0.2838827839,9.440548535,6.3805,10.99494143,1.806649276,Lognormal,782,0.9255290096,9.260983209,0,-2789.6747,5583.3494,0.05574614139,0.01490045784
sku,102900005115984,云南油麦菜,1092,0.2838827839,9.440548535,6.3805,10.99494143,1.806649276,Gamma,782,1.561768513,8.441049595,0,-2757.348031,5518.696062,0.02320393743,0.7846621643
sku,102900005115984,云南油麦菜,1092,0.2838827839,9.440548535,6.3805,10.99494143,1.806649276,Weibull,782,1.275459628,14.26553582,0,-2763.236516,5530.473031,0.03450747613,0.3025016869
sku,102900005116790,黄心菜(1),1019,0.5613346418,2.864059863,0,5.812357395,5.72745346,Normal,447,6.52903132,7.285984532,,-1521.986326,3047.972651,0.2074529762,2.375118281e-17
sku,102900005116790,黄心菜(1),1019,0.5613346418,2.864059863,0,5.812357395,5.72745346,Lognormal,447,0.8205998223,4.66801044,0,-1234.592441,2473.184881,0.05990990761,0.07756866469
sku,102900005116790,黄心菜(1),1019,0.5613346418,2.864059863,0,5.812357395,5.72745346,Gamma,447,1.637011879,3.988383594,0,-1257.331282,2518.662564,0.08767066011,0.001939753271
sku,102900005116790,黄心菜(1),1019,0.5613346418,2.864059863,0,5.812357395,5.72745346,Weibull,447,1.181881187,6.979462257,0,-1273.512514,2551.025028,0.09646104562,0.0004515187749
sku,102900005118817,菠菜,1095,0.3333333333,4.765651142,3.796,5.738139897,2.603245419,Normal,730,7.148476712,5.688215987,,-2304.854694,4613.709388,0.1716782121,2.780273476e-19
sku,102900005118817,菠菜,1095,0.3333333333,4.765651142,3.796,5.738139897,2.603245419,Lognormal,730,0.7326275545,5.5784412,0,-2063.512972,4131.025944,0.06381206271,0.005001038643
sku,102900005118817,菠菜,1095,0.3333333333,4.765651142,3.796,5.738139897,2.603245419,Gamma,730,2.168177688,3.296997637,0,-2063.540097,4131.080195,0.08452182749,5.507003286e-05
sku,102900005118817,菠菜,1095,0.3333333333,4.765651142,3.796,5.738139897,2.603245419,Weibull,730,1.428208811,7.927967244,0,-2091.073134,4186.146268,0.104617787,2.069982989e-07
sku,102900005118831,娃娃菜,1095,0.3716894977,8.221004566,5,16.49227069,13.98402945,Normal,688,13.08430233,19.21629904,,-3009.791784,6023.583568,0.2647213711,4.802971257e-43
sku,102900005118831,娃娃菜,1095,0.3716894977,8.221004566,5,16.49227069,13.98402945,Lognormal,688,0.8346244845,9.066571758,0,-2368.61845,4741.236901,0.07641715552,0.0006106395114
sku,102900005118831,娃娃菜,1095,0.3716894977,8.221004566,5,16.49227069,13.98402945,Gamma,688,1.508087828,8.676087744,0,-2425.77387,4855.54774,0.107899844,1.979113028e-07
sku,102900005118831,娃娃菜,1095,0.3716894977,8.221004566,5,16.49227069,13.98402945,Weibull,688,1.104736119,13.6926703,0,-2449.577975,4903.15595,0.1203737675,3.817424236e-09
sku,102900005119975,红薯尖,1095,0.4821917808,4.713451142,0.732,7.280751462,2.552815827,Normal,567,9.102696649,7.900542268,,-1976.488251,3956.976503,0.159061396,5.349333069e-13
sku,102900005119975,红薯尖,1095,0.4821917808,4.713451142,0.732,7.280751462,2.552815827,Lognormal,567,0.942877209,6.320881007,0,-1816.655477,3637.310954,0.06178473695,0.02524964886
sku,102900005119975,红薯尖,1095,0.4821917808,4.713451142,0.732,7.280751462,2.552815827,Gamma,567,1.516082057,6.004092328,0,-1792.804507,3589.609013,0.05591720009,0.05552224348
sku,102900005119975,红薯尖,1095,0.4821917808,4.713451142,0.732,7.280751462,2.552815827,Weibull,567,1.244249817,9.798329698,0,-1797.814268,3599.628536,0.06358172378,0.01952691634
sku,102900005122654,枝江红菜苔,867,0.5570934256,5.724286044,0,11.26012271,3.367836665,Normal,384,12.92436458,13.90008731,,-1555.520123,3115.040247,0.186126977,4.054188252e-12
sku,102900005122654,枝江红菜苔,867,0.5570934256,5.724286044,0,11.26012271,3.367836665,Lognormal,384,1.037361974,7.996998728,0,-1357.319337,2718.638673,0.03551870582,0.7040432972
sku,102900005122654,枝江红菜苔,867,0.5570934256,5.724286044,0,11.26012271,3.367836665,Gamma,384,1.180342081,10.94967704,0,-1363.537152,2731.074304,0.06316164274,0.08946694021
sku,102900005122654,枝江红菜苔,867,0.5570934256,5.724286044,0,11.26012271,3.367836665,Weibull,384,1.051675021,13.21402843,0,-1365.82955,2735.6591,0.06374229216,0.08450700774
sku,102900011000571,随州泡泡青,808,0.8242574257,0.8356695545,0,2.547162206,5.134776579,Normal,142,4.755077465,4.275598958,,-407.8045081,819.6090162,0.1520430399,0.002484054676
sku,102900011000571,随州泡泡青,808,0.8242574257,0.8356695545,0,2.547162206,5.134776579,Lognormal,142,0.8811871909,3.345218201,0,-354.9979064,713.9958128,0.0810700625,0.2921810604
sku,102900011000571,随州泡泡青,808,0.8242574257,0.8356695545,0,2.547162206,5.134776579,Gamma,142,1.567625301,3.033299769,0,-355.7807292,715.5614585,0.05131029673,0.8299518812
sku,102900011000571,随州泡泡青,808,0.8242574257,0.8356695545,0,2.547162206,5.134776579,Weibull,142,1.240998065,5.125611554,0,-358.0071812,720.0143624,0.04596152288,0.9114707992
sku,102900011006948,外地茼蒿,1092,0.7536630037,0.6708928571,0,1.503491716,2.749342991,Normal,269,2.723475836,1.893737571,,-553.4650684,1110.930137,0.09384609154,0.01635598849
sku,102900011006948,外地茼蒿,1092,0.7536630037,0.6708928571,0,1.503491716,2.749342991,Lognormal,269,0.8147366094,2.059720347,0,-520.9503379,1045.900676,0.1000818349,0.008479126234
sku,102900011006948,外地茼蒿,1092,0.7536630037,0.6708928571,0,1.503491716,2.749342991,Gamma,269,1.94004291,1.403822474,0,-509.6692756,1023.338551,0.06730948068,0.1669228307
sku,102900011006948,外地茼蒿,1092,0.7536630037,0.6708928571,0,1.503491716,2.749342991,Weibull,269,1.483750723,3.01909894,0,-509.8507007,1023.701401,0.04885957863,0.5258786086
sku,102900011008164,奶白菜,1041,0.2680115274,5.589784822,5.262,5.346075476,1.315388806,Normal,762,7.63643832,4.838998036,,-2282.682416,4569.364832,0.1394232021,2.198753947e-13
sku,102900011008164,奶白菜,1041,0.2680115274,5.589784822,5.262,5.346075476,1.315388806,Lognormal,762,0.7847459555,6.079892806,0,-2271.926135,4547.852271,0.1187296025,8.122272693e-10
sku,102900011008164,奶白菜,1041,0.2680115274,5.589784822,5.262,5.346075476,1.315388806,Gamma,762,2.346686915,3.254135979,0,-2185.144072,4374.288144,0.08053147034,9.556845031e-05
sku,102900011008164,奶白菜,1041,0.2680115274,5.589784822,5.262,5.346075476,1.315388806,Weibull,762,1.641910945,8.532729347,0,-2183.595807,4371.191613,0.09605680806,1.430147191e-06
sku,102900011008522,甜白菜,1092,0.6886446886,4.294382784,0,8.922409616,2.86336225,Normal,340,13.79254706,11.16614356,,-1302.820445,2609.640889,0.1115179385,0.000387390693
sku,102900011008522,甜白菜,1092,0.6886446886,4.294382784,0,8.922409616,2.86336225,Lognormal,340,0.9554562154,9.596477413,0,-1235.821218,2475.642436,0.08526548341,0.01340242899
sku,102900011008522,甜白菜,1092,0.6886446886,4.294382784,0,8.922409616,2.86336225,Gamma,340,1.523677629,9.052142522,0,-1215.989983,2435.979966,0.04324410078,0.5340224149
sku,102900011008522,甜白菜,1092,0.6886446886,4.294382784,0,8.922409616,2.86336225,Weibull,340,1.278712751,14.90969467,0,-1216.84766,2437.69532,0.04609425874,0.4520077354
sku,102900051010455,黄白菜(2),1095,0.1744292237,7.300167123,4.616,10.0857239,6.579789313,Normal,904,8.84256969,10.46781429,,-3405.588375,6815.17675,0.2045551891,1.206729503e-33
sku,102900051010455,黄白菜(2),1095,0.1744292237,7.300167123,4.616,10.0857239,6.579789313,Lognormal,904,1.047598883,5.458258613,0,-2858.96247,5721.92494,0.04494042349,0.05033282442
sku,102900051010455,黄白菜(2),1095,0.1744292237,7.300167123,4.616,10.0857239,6.579789313,Gamma,904,1.175033593,7.525376078,0,-2867.27797,5738.55594,0.04098161584,0.0933690375
sku,102900051010455,黄白菜(2),1095,0.1744292237,7.300167123,4.616,10.0857239,6.579789313,Weibull,904,1.046149896,9.021637724,0,-2872.638329,5749.276658,0.03992566391,0.1090432289
sku,102900005116714,西兰花,1095,0.01735159817,25.16524658,21.696,15.98753523,1.876905764,Normal,1076,25.60961431,15.77132214,,-4494.593784,8993.187568,0.1262282033,2.102292773e-15
sku,102900005116714,西兰花,1095,0.01735159817,25.16524658,21.696,15.98753523,1.876905764,Lognormal,1076,0.6145143292,21.56366304,0,-4307.255043,8618.510086,0.04528012982,0.02350879814
sku,102900005116714,西兰花,1095,0.01735159817,25.16524658,21.696,15.98753523,1.876905764,Gamma,1076,3.06422822,8.357606703,0,-4286.86063,8577.721259,0.05072151911,0.007603802494
sku,102900005116714,西兰花,1095,0.01735159817,25.16524658,21.696,15.98753523,1.876905764,Weibull,1076,1.748107383,28.89130983,0,-4329.661536,8663.323072,0.07565083994,8.406247149e-06
sku,102900011009970,青梗散花,1095,0.5945205479,7.66609589,0,11.99828633,2.073908904,Normal,444,18.90625,11.93836455,,-1731.020873,3466.041746,0.09839971769,0.0003405426547
sku,102900011009970,青梗散花,1095,0.5945205479,7.66609589,0,11.99828633,2.073908904,Lognormal,444,0.9074438297,14.54856063,0,-1775.692302,3555.384604,0.1879739339,3.289659718e-14
sku,102900011009970,青梗散花,1095,0.5945205479,7.66609589,0,11.99828633,2.073908904,Gamma,444,2.059524027,9.179912323,0,-1693.838862,3391.677723,0.1280592119,8.304615966e-07
sku,102900011009970,青梗散花,1095,0.5945205479,7.66609589,0,11.99828633,2.073908904,Weibull,444,1.597127205,20.94769737,0,-1683.425816,3370.851631,0.1107655707,3.362448387e-05
sku,102900005116257,紫茄子(2),1095,0.06666666667,12.42828858,10.895,9.365218706,2.585099636,Normal,1022,13.31602348,9.063720612,,-3702.929034,7409.858067,0.1188429834,4.920745245e-13
sku,102900005116257,紫茄子(2),1095,0.06666666667,12.42828858,10.895,9.365218706,2.585099636,Lognormal,1022,0.6766303687,10.87897364,0,-3490.273383,6984.546766,0.06092254691,0.0009696748691
sku,102900005116257,紫茄子(2),1095,0.06666666667,12.42828858,10.895,9.365218706,2.585099636,Gamma,1022,2.628302,5.066397804,0,-3459.914839,6923.829677,0.04377878897,0.03860507111
sku,102900005116257,紫茄子(2),1095,0.06666666667,12.42828858,10.895,9.365218706,2.585099636,Weibull,1022,1.607037025,14.92879196,0,-3496.262484,6996.524968,0.06609475355,0.0002517781726
sku,102900005116509,青茄子(1),1095,0.2283105023,3.213708676,1.927,4.121070696,2.435101178,Normal,845,4.164510059,4.248320156,,-2421.315543,4846.631085,0.1813304224,8.747831164e-25
sku,102900005116509,青茄子(1),1095,0.2283105023,3.213708676,1.927,4.121070696,2.435101178,Lognormal,845,0.9680603346,2.683444446,0,-2005.674153,4015.348306,0.02585398385,0.6150672534
sku,102900005116509,青茄子(1),1095,0.2283105023,3.213708676,1.927,4.121070696,2.435101178,Gamma,845,1.278628079,3.257014395,0,-2035.701442,4075.402884,0.06365003028,0.002028519123
sku,102900005116509,青茄子(1),1095,0.2283105023,3.213708676,1.927,4.121070696,2.435101178,Weibull,845,1.098485327,4.330690081,0,-2044.003237,4092.006474,0.06486351744,0.001556630542
sku,102900011022764,长线茄,882,0.485260771,2.831663265,0.6925,4.2441336,3.018026891,Normal,454,5.501160793,4.50648891,,-1327.70342,2659.406839,0.1175713054,6.334488585e-06
sku,102900011022764,长线茄,882,0.485260771,2.831663265,0.6925,4.2441336,3.018026891,Lognormal,454,0.8511359515,4.041724889,0,-1205.109712,2414.219424,0.07470315558,0.01194198938
sku,102900011022764,长线茄,882,0.485260771,2.831663265,0.6925,4.2441336,3.018026891,Gamma,454,1.77025959,3.107544693,0,-1190.572847,2385.145695,0.02841716439,0.8464895771
sku,102900011022764,长线茄,882,0.485260771,2.831663265,0.6925,4.2441336,3.018026891,Weibull,454,1.34337773,6.021190908,0,-1197.185438,2398.370875,0.03701718458,0.5499807063
sku,102900051000463,圆茄子(2),1038,0.5173410405,1.009334297,0,1.855872164,3.778609147,Normal,501,2.091195609,2.207630222,,-1107.639946,2219.279892,0.208707874,1.274301737e-19
sku,102900051000463,圆茄子(2),1038,0.5173410405,1.009334297,0,1.855872164,3.778609147,Lognormal,501,0.8485400612,1.436159786,0,-809.9533172,1623.906634,0.06291902034,0.03625056128
sku,102900051000463,圆茄子(2),1038,0.5173410405,1.009334297,0,1.855872164,3.778609147,Gamma,501,1.47513515,1.417629842,0,-849.9729428,1703.945886,0.07435199233,0.00744560174
sku,102900051000463,圆茄子(2),1038,0.5173410405,1.009334297,0,1.855872164,3.778609147,Weibull,501,1.147099286,2.21263096,0,-861.9704842,1727.940968,0.101181375,6.43260474e-05
sku,102900005116219,红尖椒,1066,0.7054409006,0.4123517824,0,0.8956874534,3.195222637,Normal,314,1.399894904,1.158069918,,-491.6276927,987.2553853,0.1296340303,4.634209098e-05
sku,102900005116219,红尖椒,1066,0.7054409006,0.4123517824,0,0.8956874534,3.195222637,Lognormal,314,0.8697748829,1.00637318,0,-403.7319793,811.4639586,0.07666745312,0.04728385024
sku,102900005116219,红尖椒,1066,0.7054409006,0.4123517824,0,0.8956874534,3.195222637,Gamma,314,1.662078634,0.84225552,0,-398.5916539,801.1833078,0.04081789248,0.6567410459
sku,102900005116219,红尖椒,1066,0.7054409006,0.4123517824,0,0.8956874534,3.195222637,Weibull,314,1.303105817,1.523780493,0,-402.5991214,809.1982427,0.04746085336,0.4649410894
sku,102900005116226,青尖椒,1034,0.4032882012,1.148383946,0.602,1.450375403,1.787688473,Normal,617,1.924520259,1.425345966,,-1094.158863,2192.317726,0.09702152534,1.657210597e-05
sku,102900005116226,青尖椒,1034,0.4032882012,1.148383946,0.602,1.450375403,1.787688473,Lognormal,617,0.8601750679,1.421659675,0,-999.6289493,2003.257899,0.07805932201,0.00102244306
sku,102900005116226,青尖椒,1034,0.4032882012,1.148383946,0.602,1.450375403,1.787688473,Gamma,617,1.79968854,1.069362957,0,-967.3685338,1938.737068,0.02921261383,0.6571554256
sku,102900005116226,青尖椒,1034,0.4032882012,1.148383946,0.602,1.450375403,1.787688473,Weibull,617,1.407242328,2.117758726,0,-969.3132063,1942.626413,0.01611907723,0.9964309709
sku,102900005116233,红椒(1),1089,0.3067033976,3.177000918,1.976,8.206560832,9.540334066,Normal,755,4.582455629,9.523693226,,-2772.904544,5549.809088,0.3225816707,2.056560983e-70
sku,102900005116233,红椒(1),1089,0.3067033976,3.177000918,1.976,8.206560832,9.540334066,Lognormal,755,0.8088821648,2.898173421,0,-1714.542478,3433.084955,0.07181876712,0.0007849125849
sku,102900005116233,红椒(1),1089,0.3067033976,3.177000918,1.976,8.206560832,9.540334066,Gamma,755,1.231287821,3.721677054,0,-1894.673432,3793.346865,0.1668723469,7.617577213e-19
sku,102900005116233,红椒(1),1089,0.3067033976,3.177000918,1.976,8.206560832,9.540334066,Weibull,755,0.955202697,4.449024269,0,-1902.085814,3808.171628,0.1511357475,1.603281397e-15
sku,102900005116943,红杭椒,1088,0.4595588235,0.6058465074,0.2015,1.089754449,7.596823614,Normal,588,1.121022109,1.272743296,,-976.1465497,1956.293099,0.1955714208,3.525829573e-20
sku,102900005116943,红杭椒,1088,0.4595588235,0.6058465074,0.2015,1.089754449,7.596823614,Lognormal,588,0.8820829227,0.785744039,0,-618.778938,1241.557876,0.06416632767,0.01508206502
sku,102900005116943,红杭椒,1088,0.4595588235,0.6058465074,0.2015,1.089754449,7.596823614,Gamma,588,1.552675323,0.721993898,0,-624.8026069,1253.605214,0.03861906525,0.3358027152
sku,102900005116943,红杭椒,1088,0.4595588235,0.6058465074,0.2015,1.089754449,7.596823614,Weibull,588,1.176132441,1.194206941,0,-640.3377539,1284.675508,0.05023616638,0.09937386407
sku,102900005117209,七彩椒(1),1094,0.7404021938,0.2405776965,0,0.8233477027,11.09101226,Normal,284,0.9267323944,1.405514476,,-499.6531121,1003.306224,0.2798138275,3.707076274e-20
sku,102900005117209,七彩椒(1),1094,0.7404021938,0.2405776965,0,0.8233477027,11.09101226,Lognormal,284,0.8648079712,0.6009464353,0,-217.1013189,438.2026377,0.06968369033,0.1209354418
sku,102900005117209,七彩椒(1),1094,0.7404021938,0.2405776965,0,0.8233477027,11.09101226,Gamma,284,1.29562205,0.7152798879,0,-256.9079362,517.8158725,0.08856217778,0.02181224425
sku,102900005117209,七彩椒(1),1094,0.7404021938,0.2405776965,0,0.8233477027,11.09101226,Weibull,284,1.024813458,0.9386098884,0,-262.1979729,528.3959458,0.1293679423,0.0001326537389
sku,102900005119968,青杭椒(2),980,0.9081632653,0.131122449,0,0.5300733058,5.404155791,Normal,90,1.427777778,1.099181238,,-136.2153696,276.4307393,0.1176500878,0.1527530029
sku,102900005119968,青杭椒(2),980,0.9081632653,0.131122449,0,0.5300733058,5.404155791,Lognormal,90,0.9078333163,1.021450896,0,-120.9121296,245.8242592,0.1123059134,0.1913269634
sku,102900005119968,青杭椒(2),980,0.9081632653,0.131122449,0,0.5300733058,5.404155791,Gamma,90,1.639853751,0.8706738494,0,-116.3051814,236.6103629,0.06269052562,0.8491409822
sku,102900005119968,青杭椒(2),980,0.9081632653,0.131122449,0,0.5300733058,5.404155791,Weibull,90,1.339147205,1.557650991,0,-116.480999,236.9619979,0.05360847386,0.945845565
sku,102900005123880,灯笼椒(1),1061,0.7954759661,0.1998520264,0,0.5582204151,4.713938918,Normal,217,0.977156682,0.8740926373,,-278.7082068,561.4164136,0.1587806715,3.025134037e-05
sku,102900005123880,灯笼椒(1),1061,0.7954759661,0.1998520264,0,0.5582204151,4.713938918,Lognormal,217,0.782643682,0.7209280033,0,-183.7219163,371.4438326,0.0503282176,0.6231897889
sku,102900005123880,灯笼椒(1),1061,0.7954759661,0.1998520264,0,0.5582204151,4.713938918,Gamma,217,1.792796249,0.5450461438,0,-193.3629092,390.7258183,0.05489755128,0.5123889058
sku,102900005123880,灯笼椒(1),1061,0.7954759661,0.1998520264,0,0.5582204151,4.713938918,Weibull,217,1.289985174,1.06577316,0,-200.1748585,404.3497169,0.06689161302,0.2736548853
sku,102900005125808,小米椒,1036,0.4353281853,1.397283784,0.8865,2.107825177,5.093232373,Normal,585,2.474505983,2.280913212,,-1312.45594,2628.91188,0.1783652956,9.4036843e-17
sku,102900005125808,小米椒,1036,0.4353281853,1.397283784,0.8865,2.107825177,5.093232373,Lognormal,585,0.8960709285,1.833262911,0,-1120.450626,2244.901252,0.1416517784,1.052189494e-10
sku,102900005125808,小米椒,1036,0.4353281853,1.397283784,0.8865,2.107825177,5.093232373,Gamma,585,1.815867687,1.362712713,0,-1062.870737,2129.741474,0.09463367866,5.196008697e-05
sku,102900005125808,小米椒,1036,0.4353281853,1.397283784,0.8865,2.107825177,5.093232373,Weibull,585,1.313140136,2.697050369,0,-1076.770405,2157.540809,0.1168923398,2.020904581e-07
sku,102900011000328,螺丝椒,1094,0.2157221207,7.125136197,5.498,7.53159357,2.27824251,Normal,858,9.084963869,7.383941476,,-2932.855158,5869.710315,0.1313167934,2.319050753e-13
sku,102900011000328,螺丝椒,1094,0.2157221207,7.125136197,5.498,7.53159357,2.27824251,Lognormal,858,0.8025287762,6.824429375,0,-2676.496419,5356.992839,0.04160507304,0.09971271108
sku,102900011000328,螺丝椒,1094,0.2157221207,7.125136197,5.498,7.53159357,2.27824251,Gamma,858,1.897268321,4.7884444,0,-2664.617032,5333.234065,0.03625670234,0.2043474392
sku,102900011000328,螺丝椒,1094,0.2157221207,7.125136197,5.498,7.53159357,2.27824251,Weibull,858,1.367812323,9.994572016,0,-2684.82297,5373.64594,0.05873991342,0.00514407489
sku,102900011001219,红灯笼椒(1),1086,0.7495395948,0.2565488029,0,0.6286023294,4.21468771,Normal,272,1.024308824,0.8895137677,,-354.1054411,712.2108821,0.1554737993,3.300156525e-06
sku,102900011001219,红灯笼椒(1),1086,0.7495395948,0.2565488029,0,0.6286023294,4.21468771,Lognormal,272,0.7900617736,0.7568548651,0,-246.0812896,496.1625791,0.04703561114,0.5677443246
sku,102900011001219,红灯笼椒(1),1086,0.7495395948,0.2565488029,0,0.6286023294,4.21468771,Gamma,272,1.801066703,0.5687234248,0,-254.8638806,513.7277613,0.05632522167,0.3412713093
sku,102900011001219,红灯笼椒(1),1086,0.7495395948,0.2565488029,0,0.6286023294,4.21468771,Weibull,272,1.309263892,1.119626751,0,-262.3671702,528.7343405,0.06207046498,0.2355454792
sku,102900011016701,芜湖青椒(1),1022,0.1604696673,27.57508904,24.7965,24.37568914,3.007566642,Normal,858,32.84585198,23.12192215,,-3912.239513,7828.479025,0.1433751175,7.461866426e-16
sku,102900011016701,芜湖青椒(1),1022,0.1604696673,27.57508904,24.7965,24.37568914,3.007566642,Lognormal,858,0.6501011479,27.33215612,0,-3686.289841,7376.579682,0.06880703349,0.0005622914778
sku,102900011016701,芜湖青椒(1),1022,0.1604696673,27.57508904,24.7965,24.37568914,3.007566642,Gamma,858,2.876748652,11.41769962,0,-3651.787729,7307.575458,0.06074534362,0.00340338328
sku,102900011016701,芜湖青椒(1),1022,0.1604696673,27.57508904,24.7965,24.37568914,3.007566642,Weibull,858,1.597958757,36.84150982,0,-3703.493189,7410.986378,0.1065681758,6.125682097e-09
sku,102900051004294,青线椒,1095,0.3178082192,2.027717808,1.64,2.395142177,3.846847381,Normal,747,2.97235743,2.366732165,,-1703.495182,3410.990363,0.1196017746,9.077665251e-10
sku,102900051004294,青线椒,1095,0.3178082192,2.027717808,1.64,2.395142177,3.846847381,Lognormal,747,0.7310090674,2.340001932,0,-1460.953372,2925.906744,0.06369312516,0.004454181073
sku,102900051004294,青线椒,1095,0.3178082192,2.027717808,1.64,2.395142177,3.846847381,Gamma,747,2.242761739,1.325311279,0,-1448.160854,2900.321707,0.03636926184,0.2698982696
sku,102900051004294,青线椒,1095,0.3178082192,2.027717808,1.64,2.395142177,3.846847381,Weibull,747,1.449276041,3.297973474,0,-1476.373122,2956.746244,0.05450535833,0.02274848742
sku,102900005115250,西峡花菇(1),1016,0.7076771654,2.769404528,0,7.46239521,8.004234872,Normal,297,9.473787879,11.268698,,-1140.767296,2285.534592,0.2072710819,1.141978416e-11
sku,102900005115250,西峡花菇(1),1016,0.7076771654,2.769404528,0,7.46239521,8.004234872,Lognormal,297,1.046938418,6.234590188,0,-978.5916841,1961.183368,0.1552016537,1.030147492e-06
sku,102900005115250,西峡花菇(1),1016,0.7076771654,2.769404528,0,7.46239521,8.004234872,Gamma,297,1.337106103,7.085292528,0,-957.6954926,1919.390985,0.1104674997,0.001302199239
sku,102900005115250,西峡花菇(1),1016,0.7076771654,2.769404528,0,7.46239521,8.004234872,Weibull,297,1.108532215,9.886758031,0,-961.7461199,1927.49224,0.1329492949,4.874534707e-05
sku,102900005116530,西峡香菇(1),1078,0.2384044527,11.06595547,9.044,11.59024636,1.832264268,Normal,821,14.52996346,11.2273239,,-3150.414248,6304.828496,0.1695347312,4.245380069e-21
sku,102900005116530,西峡香菇(1),1078,0.2384044527,11.06595547,9.044,11.59024636,1.832264268,Lognormal,821,0.9930503164,10.47941655,0,-3088.091004,6180.182007,0.1583797553,1.865802997e-18
sku,102900005116530,西峡香菇(1),1078,0.2384044527,11.06595547,9.044,11.59024636,1.832264268,Gamma,821,1.677306191,8.662678009,0,-2961.382631,5926.765262,0.1045134948,2.913431867e-08
sku,102900005116530,西峡香菇(1),1078,0.2384044527,11.06595547,9.044,11.59024636,1.832264268,Weibull,821,1.357278441,15.85604276,0,-2960.554097,5925.108194,0.1059301646,1.779892612e-08
sku,102900005116547,金针菇(1),1095,0.5908675799,4.292146119,0,6.891305888,3.082472065,Normal,448,10.49084821,7.144612115,,-1516.613081,3037.226162,0.1268949398,9.522910943e-07
sku,102900005116547,金针菇(1),1095,0.5908675799,4.292146119,0,6.891305888,3.082472065,Lognormal,448,0.6770120015,8.709135796,0,-1430.57368,2865.147359,0.1114947261,2.632190299e-05
sku,102900005116547,金针菇(1),1095,0.5908675799,4.292146119,0,6.891305888,3.082472065,Gamma,448,2.841972736,3.691396501,0,-1397.422015,2798.844031,0.07864703796,0.007399542521
sku,102900005116547,金针菇(1),1095,0.5908675799,4.292146119,0,6.891305888,3.082472065,Weibull,448,1.623921939,11.75428636,0,-1418.569682,2841.139363,0.1093929134,4.003955299e-05
sku,102900005116837,平菇,1089,0.6675849403,2.335619835,0,4.352155406,2.554657107,Normal,362,7.02621547,4.901388187,,-1089.061435,2182.122869,0.0993967534,0.001447975829
sku,102900005116837,平菇,1089,0.6675849403,2.335619835,0,4.352155406,2.554657107,Lognormal,362,0.8436502298,5.318227207,0,-1057.062176,2118.124352,0.1062358061,0.0005184981222
sku,102900005116837,平菇,1089,0.6675849403,2.335619835,0,4.352155406,2.554657107,Gamma,362,1.945429744,3.611652125,0,-1028.672825,2061.345649,0.06838365892,0.06459435047
sku,102900005116837,平菇,1089,0.6675849403,2.335619835,0,4.352155406,2.554657107,Weibull,362,1.486764634,7.779529151,0,-1028.092304,2060.184607,0.04950821808,0.3267040213
sku,102900005116912,姬菇(1),800,0.615,0.4690275,0,0.6984184807,1.418940193,Normal,308,1.218253247,0.5951773616,,-277.2131522,558.4263044,0.05750764996,0.2504784958
sku,102900005116912,姬菇(1),800,0.615,0.4690275,0,0.6984184807,1.418940193,Lognormal,308,0.5928808568,1.05461414,0,-292.4003153,588.8006305,0.1146475255,0.0005540568882
sku,102900005116912,姬菇(1),800,0.615,0.4690275,0,0.6984184807,1.418940193,Gamma,308,3.624589058,0.3361079635,0,-269.1916969,542.3833939,0.08675130065,0.0182222194
sku,102900005116912,姬菇(1),800,0.615,0.4690275,0,0.6984184807,1.418940193,Weibull,308,2.129967538,1.3730912,0,-264.6229954,533.2459909,0.06068761299,0.1984449636
sku,102900005119944,海鲜菇(1),874,0.6270022883,0.5749473684,0,0.8963150379,1.615062745,Normal,326,1.541423313,0.8149234177,,-395.8544314,795.7088628,0.07590226875,0.04433131467
sku,102900005119944,海鲜菇(1),874,0.6270022883,0.5749473684,0,0.8963150379,1.615062745,Lognormal,326,0.6229223124,1.313658841,0,-397.2053497,798.4106995,0.1114866766,0.0005518119948
sku,102900005119944,海鲜菇(1),874,0.6270022883,0.5749473684,0,0.8963150379,1.615062745,Gamma,326,3.284424874,0.4693130067,0,-374.1180602,752.2361203,0.07169015501,0.06672151834
sku,102900005119944,海鲜菇(1),874,0.6270022883,0.5749473684,0,0.8963150379,1.615062745,Weibull,326,1.974797256,1.738592934,0,-373.5234994,751.0469987,0.06864862846,0.08834407082
sku,102900005125815,杏鲍菇(1),1095,0.5872146119,2.196619178,0,3.650723861,2.769541857,Normal,452,5.321455752,3.957115552,,-1263.093161,2530.186323,0.1727593757,2.883411162e-12
sku,102900005125815,杏鲍菇(1),1095,0.5872146119,2.196619178,0,3.650723861,2.769541857,Lognormal,452,0.7157857592,4.199233277,0,-1138.798683,2281.597366,0.04397459377,0.3365524251
sku,102900005125815,杏鲍菇(1),1095,0.5872146119,2.196619178,0,3.650723861,2.769541857,Gamma,452,2.263719606,2.350757461,0,-1138.16822,2280.33644,0.08994441834,0.001243400254
sku,102900005125815,杏鲍菇(1),1095,0.5872146119,2.196619178,0,3.650723861,2.769541857,Weibull,452,1.487864994,5.931302468,0,-1153.219249,2310.438498,0.100752553,0.0001902694395
sku,102900011001806,姬菇(包),914,0.6072210066,1.173960613,0,1.975600693,2.307504135,Normal,359,2.988857939,2.124243553,,-779.8751927,1563.750385,0.1942863116,2.40074214e-12
sku,102900011001806,姬菇(包),914,0.6072210066,1.173960613,0,1.975600693,2.307504135,Lognormal,359,0.6647077351,2.396303683,0,-676.5204652,1357.04093,0.1814697877,8.113229617e-11
sku,102900011001806,姬菇(包),914,0.6072210066,1.173960613,0,1.975600693,2.307504135,Gamma,359,2.41640035,1.236905109,0,-689.2663935,1382.532787,0.1626748542,9.071870265e-09
sku,102900011001806,姬菇(包),914,0.6072210066,1.173960613,0,1.975600693,2.307504135,Weibull,359,1.541597055,3.348784771,0,-702.575776,1409.151552,0.1437388519,6.176468444e-07
sku,102900011001813,金针菇(袋)(1),888,0.8614864865,2.421171171,0,13.14277462,13.44904087,Normal,123,17.4796748,31.36601382,,-598.3536077,1200.707215,0.2996528965,2.72848227e-10
sku,102900011001813,金针菇(袋)(1),888,0.8614864865,2.421171171,0,13.14277462,13.44904087,Lognormal,123,1.107289682,8.938909027,0,-456.4858882,916.9717763,0.07188315318,0.525126056
sku,102900011001813,金针菇(袋)(1),888,0.8614864865,2.421171171,0,13.14277462,13.44904087,Gamma,123,0.8748383215,19.98046309,0,-474.1538412,952.3076824,0.1615307005,0.002851321089
sku,102900011001813,金针菇(袋)(1),888,0.8614864865,2.421171171,0,13.14277462,13.44904087,Weibull,123,0.8518683661,15.69887491,0,-471.1499012,946.2998024,0.1342832156,0.02143950402
sku,102900011007044,银耳(朵),943,0.8504772004,0.3054082715,0,0.8989462535,3.837664027,Normal,141,2.042553191,1.362477616,,-243.6823126,491.3646253,0.2530978676,1.897473746e-08
sku,102900011007044,银耳(朵),943,0.8504772004,0.3054082715,0,0.8989462535,3.837664027,Lognormal,141,0.5763596139,1.705248462,0,-197.6292484,399.2584968,0.2979551367,1.356738096e-11
sku,102900011007044,银耳(朵),943,0.8504772004,0.3054082715,0,0.8989462535,3.837664027,Gamma,141,2.926269549,0.6980058253,0,-207.5967084,419.1934168,0.2874880356,8.235193444e-11
sku,102900011007044,银耳(朵),943,0.8504772004,0.3054082715,0,0.8989462535,3.837664027,Weibull,141,1.653819262,2.308111733,0,-215.9098461,435.8196921,0.2533951418,1.816023403e-08
sku,102900011009246,鲜木耳(1),840,0.7,0.2525845238,0,0.506767858,3.13754034,Normal,252,0.8419484127,0.5998596077,,-228.7854815,461.570963,0.1317266793,0.0002839455369
sku,102900011009246,鲜木耳(1),840,0.7,0.2525845238,0,0.506767858,3.13754034,Lognormal,252,0.6644986373,0.6790639508,0,-157.0403796,318.0807593,0.07165454185,0.143211883
sku,102900011009246,鲜木耳(1),840,0.7,0.2525845238,0,0.506767858,3.13754034,Gamma,252,2.479490632,0.3395650711,0,-162.3901704,328.7803409,0.05709467043,0.3700878097
sku,102900011009246,鲜木耳(1),840,0.7,0.2525845238,0,0.506767858,3.13754034,Weibull,252,1.550075969,0.9429675069,0,-172.2623249,348.5246498,0.07403302525,0.1200582865
sku,102900011012994,杏鲍菇(袋),919,0.6441784548,1.461371055,0,4.949184507,14.74363222,Normal,327,4.107033639,7.614016895,,-1127.799917,2259.599834,0.3416120212,1.442024287e-34
sku,102900011012994,杏鲍菇(袋),919,0.6441784548,1.461371055,0,4.949184507,14.74363222,Lognormal,327,0.7864947872,2.726488798,0,-713.44336,1430.88672,0.1547331347,2.652352648e-07
sku,102900011012994,杏鲍菇(袋),919,0.6441784548,1.461371055,0,4.949184507,14.74363222,Gamma,327,1.363052512,3.013114757,0,-780.1176549,1564.23531,0.1747220307,3.352778057e-09
sku,102900011012994,杏鲍菇(袋),919,0.6441784548,1.461371055,0,4.949184507,14.74363222,Weibull,327,1.011319626,4.133335264,0,-788.8999631,1581.799926,0.2118604317,2.338056073e-13
sku,102900011013274,白玉菇(袋),1058,0.3402646503,2.766540643,2,3.731455158,3.825624447,Normal,698,4.193409742,3.888652525,,-1938.346863,3880.693726,0.2057626422,2.154200209e-26
sku,102900011013274,白玉菇(袋),1058,0.3402646503,2.766540643,2,3.731455158,3.825624447,Lognormal,698,0.7558119942,3.13365295,0,-1592.26037,3188.52074,0.1266110752,3.262747386e-10
sku,102900011013274,白玉菇(袋),1058,0.3402646503,2.766540643,2,3.731455158,3.825624447,Gamma,698,1.865750442,2.247572691,0,-1631.291287,3266.582573,0.1133944543,2.834475335e-08
sku,102900011013274,白玉菇(袋),1058,0.3402646503,2.766540643,2,3.731455158,3.825624447,Weibull,698,1.29415646,4.580760384,0,-1658.224057,3320.448114,0.1302263006,8.822250916e-11
