sku_code,sku_name,category_name,record_days,first_date,last_date,sales_days,total_qty_kg,span_days,coverage,included,selection_reason
102900005116042,藕,水生根茎类,6,2022-04-25,2022-07-23,0,0,90,0.06666666667,False,span<730;sales_days<180;coverage<0.35;total_qty<200
102900005116899,净藕(1),水生根茎类,1078,2020-07-08,2023-06-30,1057,27166.459,1088,0.9908088235,True,included
102900005118824,高瓜(1),水生根茎类,679,2020-07-01,2023-06-30,544,1179.956,1095,0.6200913242,True,included
102900011001561,莲蓬(个),水生根茎类,106,2020-07-23,2022-11-24,86,2095,855,0.1239766082,False,sales_days<180;coverage<0.35
102900011001691,菱角,水生根茎类,115,2020-08-10,2023-06-30,105,126.422,1055,0.1090047393,False,sales_days<180;coverage<0.35;total_qty<200
102900011007969,红莲藕带,水生根茎类,102,2020-08-07,2023-06-30,96,100.69,1058,0.09640831758,False,sales_days<180;coverage<0.35;total_qty<200
102900011009277,荸荠,水生根茎类,255,2020-12-02,2023-02-12,213,1672.013,803,0.3175591532,False,coverage<0.35
102900011010891,野藕(1),水生根茎类,179,2020-08-27,2023-06-07,164,449.754,1015,0.1763546798,False,sales_days<180;coverage<0.35
102900011018132,野生粉藕,水生根茎类,26,2020-11-11,2023-06-30,23,50.815,962,0.02702702703,False,sales_days<180;coverage<0.35;total_qty<200
102900011021842,洪湖莲藕(粉藕),水生根茎类,594,2020-12-18,2023-04-22,393,6059,856,0.6939252336,True,included
102900011023976,净藕(2),水生根茎类,11,2023-02-05,2023-06-02,8,62.221,118,0.09322033898,False,span<730;sales_days<180;coverage<0.35;total_qty<200
102900011024010,鲜藕带(袋),水生根茎类,8,2021-05-09,2021-05-21,7,21,13,0.6153846154,False,span<730;sales_days<180;total_qty<200
102900011032114,荸荠(份),水生根茎类,6,2022-02-13,2022-02-19,6,10,7,0.8571428571,False,span<730;sales_days<180;total_qty<200
102900011032732,高瓜(2),水生根茎类,161,2022-03-15,2023-06-30,159,449.856,473,0.3403805497,False,span<730;sales_days<180;coverage<0.35
102900011034569,洪湖莲藕(脆藕),水生根茎类,12,2022-07-21,2022-09-23,12,40,65,0.1846153846,False,span<730;sales_days<180;coverage<0.35;total_qty<200
102900011035511,净藕(3),水生根茎类,76,2022-09-10,2023-02-04,70,348.8,148,0.5135135135,False,span<730;sales_days<180
102900011035962,野藕(2),水生根茎类,6,2022-11-16,2022-11-21,6,11.398,6,1,False,span<730;sales_days<180;total_qty<200
102900051000944,洪湖藕带,水生根茎类,289,2020-07-01,2023-06-30,258,745.554,1095,0.2639269406,False,coverage<0.35
102900051006229,藕尖,水生根茎类,3,2021-12-18,2022-01-11,3,18.614,25,0.12,False,span<730;sales_days<180;coverage<0.35;total_qty<200
102900005115168,牛首生菜,花叶类,120,2020-10-30,2023-05-30,102,899.837,943,0.1272534464,False,sales_days<180;coverage<0.35
102900005115199,四川红香椿,花叶类,165,2020-11-11,2023-04-23,151,333.485,894,0.1845637584,False,sales_days<180;coverage<0.35
102900005115625,本地小毛白菜,花叶类,51,2022-09-28,2022-12-19,47,121.02,83,0.6144578313,False,span<730;sales_days<180;total_qty<200
102900005115748,白菜苔,花叶类,97,2020-11-23,2023-03-16,92,718.676,844,0.11492891,False,sales_days<180;coverage<0.35
102900005115762,苋菜,花叶类,652,2020-07-01,2023-06-30,635,5102.658,1095,0.59543379,True,included
102900005115779,云南生菜,花叶类,829,2020-07-01,2023-06-29,810,15915.422,1094,0.7577696527,True,included
102900005115786,竹叶菜,花叶类,679,2020-07-01,2023-06-30,667,7246.958,1095,0.6200913242,True,included
102900005115793,小白菜,花叶类,516,2020-07-01,2023-02-20,478,1709.163,965,0.5347150259,True,included
102900005115816,南瓜尖,花叶类,4,2020-07-08,2021-07-12,4,18.428,370,0.01081081081,False,span<730;sales_days<180;coverage<0.35;total_qty<200
102900005115823,上海青,花叶类,929,2020-07-01,2023-06-30,919,7608.386,1095,0.8484018265,True,included
102900005115854,萝卜叶,花叶类,171,2020-10-15,2022-11-19,164,415.325,766,0.2232375979,False,sales_days<180;coverage<0.35
102900005115861,牛首油菜,花叶类,291,2020-07-10,2022-03-01,285,3840.204,600,0.485,False,span<730
102900005115878,茼蒿,花叶类,525,2020-09-16,2023-05-06,514,4113.244,963,0.5451713396,True,included
102900005115885,蔡甸藜蒿,花叶类,321,2020-08-09,2023-04-23,303,941.188,988,0.3248987854,False,coverage<0.35
102900005115908,菜心,花叶类,751,2020-07-01,2023-06-28,711,4498.148,1093,0.6870997255,True,included
102900005115946,木耳菜,花叶类,430,2020-07-01,2023-06-30,421,1567.465,1095,0.3926940639,True,included
102900005115960,大白菜,花叶类,917,2020-07-01,2023-06-30,480,19196.094,1095,0.8374429224,True,included
102900005115977,豌豆尖,花叶类,45,2020-11-21,2023-03-02,39,85.048,832,0.05408653846,False,sales_days<180;coverage<0.35;total_qty<200
102900005115984,云南油麦菜,花叶类,798,2020-07-01,2023-06-27,782,10309.079,1092,0.7307692308,True,included
102900005116639,马齿苋,花叶类,100,2021-03-09,2023-06-12,93,94.567,826,0.1210653753,False,sales_days<180;coverage<0.35;total_qty<200
102900005116776,本地菠菜,花叶类,3,2021-04-18,2021-04-28,0,0,11,0.2727272727,False,span<730;sales_days<180;coverage<0.35;total_qty<200
102900005116790,黄心菜(1),花叶类,743,2020-07-01,2023-04-15,447,2918.477,1019,0.7291462218,True,included
102900005116806,黑油菜,花叶类,32,2021-06-10,2022-12-19,27,101.125,558,0.05734767025,False,span<730;sales_days<180;coverage<0.35;total_qty<200
102900005118572,本地上海青,花叶类,67,2020-10-06,2022-11-06,61,596.697,762,0.08792650919,False,sales_days<180;coverage<0.35
102900005118817,菠菜,花叶类,761,2020-07-01,2023-06-30,730,5218.388,1095,0.6949771689,True,included
102900005118831,娃娃菜,花叶类,1084,2020-07-01,2023-06-30,688,9002,1095,0.9899543379,True,included
102900005119975,红薯尖,花叶类,581,2020-07-01,2023-06-30,567,5161.229,1095,0.5305936073,True,included
102900005122654,枝江红菜苔,花叶类,395,2020-10-26,2023-03-11,384,4962.956,867,0.4555940023,True,included
102900005128748,黄花菜,花叶类,6,2021-08-20,2023-05-13,6,1.784,632,0.009493670886,False,span<730;sales_days<180;coverage<0.35;total_qty<200
102900011000175,快菜,花叶类,10,2020-08-04,2020-08-13,10,91.272,10,1,False,span<730;sales_days<180;total_qty<200
102900011000571,随州泡泡青,花叶类,145,2020-12-03,2023-02-18,142,675.221,808,0.1794554455,False,sales_days<180;coverage<0.35
102900011002414,田七,花叶类,161,2021-02-22,2023-06-03,96,45.252,832,0.1935096154,False,sales_days<180;coverage<0.35;total_qty<200
102900011006689,东门口小白菜,花叶类,466,2020-07-02,2022-05-19,435,1543.882,687,0.6783114993,False,span<730
102900011006948,外地茼蒿,花叶类,304,2020-07-01,2023-06-27,269,732.615,1092,0.2783882784,False,coverage<0.35
102900011006955,冰草,花叶类,98,2021-04-24,2022-10-25,17,16.337,550,0.1781818182,False,span<730;sales_days<180;coverage<0.35;total_qty<200
102900011007464,紫苏,花叶类,86,2020-09-14,2023-06-10,84,30.172,1000,0.086,False,sales_days<180;coverage<0.35;total_qty<200
102900011007471,薄荷叶,花叶类,37,2021-03-31,2023-06-10,31,7.568,802,0.04613466334,False,sales_days<180;coverage<0.35;total_qty<200
102900011007495,蒲公英,花叶类,18,2021-08-16,2023-04-08,18,4.232,601,0.02995008319,False,span<730;sales_days<180;coverage<0.35;total_qty<200
102900011008133,丝瓜尖,花叶类,23,2021-02-05,2023-03-07,19,14.227,761,0.03022339028,False,sales_days<180;coverage<0.35;total_qty<200
102900011008164,奶白菜,花叶类,795,2020-08-24,2023-06-30,762,5818.966,1041,0.7636887608,True,included
102900011008485,芥菜,花叶类,16,2021-06-23,2023-04-28,14,51.735,675,0.0237037037,False,span<730;sales_days<180;coverage<0.35;total_qty<200
102900011008492,大芥兰,花叶类,3,2021-07-18,2021-07-21,2,7.48,4,0.75,False,span<730;sales_days<180;total_qty<200
102900011008515,面条菜,花叶类,33,2021-03-11,2023-04-03,33,12.936,754,0.04376657825,False,sales_days<180;coverage<0.35;total_qty<200
102900011008522,甜白菜,花叶类,507,2020-07-01,2023-06-27,340,4689.466,1092,0.4642857143,True,included
102900011008676,荠菜,花叶类,18,2020-11-09,2023-02-10,14,15.887,824,0.02184466019,False,sales_days<180;coverage<0.35;total_qty<200
102900011015384,马兰头,花叶类,14,2022-03-01,2022-04-14,14,3.39,45,0.3111111111,False,span<730;sales_days<180;coverage<0.35;total_qty<200
102900011015391,甘蓝叶,花叶类,1,2021-03-11,2021-03-11,1,0.943,1,1,False,span<730;sales_days<180;total_qty<200
102900011021644,洪山菜苔,花叶类,11,2021-12-26,2022-11-12,11,25,322,0.03416149068,False,span<730;sales_days<180;coverage<0.35;total_qty<200
102900011022849,本地黄心油菜,花叶类,121,2021-02-05,2023-01-10,115,1375.887,705,0.1716312057,False,span<730;sales_days<180;coverage<0.35
102900011022924,青菜苔,花叶类,3,2021-03-05,2021-03-07,3,30.275,3,1,False,span<730;sales_days<180;total_qty<200
102900011023464,小青菜(1),花叶类,509,2021-08-28,2023-06-30,492,3270.155,672,0.7574404762,False,span<730
102900011026502,鲜粽子叶,花叶类,8,2021-06-05,2021-06-13,8,6.32,9,0.8888888889,False,span<730;sales_days<180;total_qty<200
102900011026618,艾蒿,花叶类,5,2022-06-01,2023-06-22,4,10.512,387,0.01291989664,False,span<730;sales_days<180;coverage<0.35;total_qty<200
102900011027462,奶白菜苗,花叶类,6,2021-07-21,2022-03-19,4,16.829,242,0.02479338843,False,span<730;sales_days<180;coverage<0.35;total_qty<200
102900011027615,菊花油菜,花叶类,6,2021-07-18,2021-07-24,5,8.472,7,0.8571428571,False,span<730;sales_days<180;total_qty<200
102900011029688,双沟白菜,花叶类,137,2021-10-23,2022-11-25,2,2.886,399,0.343358396,False,span<730;sales_days<180;coverage<0.35;total_qty<200
102900011030042,枝江红菜苔(份),花叶类,52,2021-12-17,2022-02-16,52,313,62,0.8387096774,False,span<730;sales_days<180
102900011030059,云南生菜(份),花叶类,406,2021-12-17,2023-06-30,400,14335,561,0.7237076649,False,span<730
102900011030097,云南油麦菜(份),花叶类,414,2021-12-16,2023-06-30,410,8856,562,0.7366548043,False,span<730
102900011030103,茼蒿(份),花叶类,83,2021-12-16,2022-03-20,83,587,95,0.8736842105,False,span<730;sales_days<180
102900011030110,菠菜(份),花叶类,393,2021-12-16,2023-06-30,386,6348,562,0.6992882562,False,span<730
102900011030134,菜心(份),花叶类,283,2021-12-16,2023-03-09,275,2053,449,0.6302895323,False,span<730
102900011030141,上海青(份),花叶类,294,2021-12-16,2023-02-22,287,3071,434,0.6774193548,False,span<730
102900011030158,小青菜(2),花叶类,71,2021-12-16,2022-10-24,46,296,313,0.2268370607,False,span<730;sales_days<180;coverage<0.35
102900011030400,洪山菜薹珍品手提袋,花叶类,1,2023-01-07,2023-01-07,1,3,1,1,False,span<730;sales_days<180;total_qty<200
102900011030417,洪山菜薹莲藕拼装礼盒,花叶类,3,2023-01-11,2023-01-23,3,3,13,0.2307692308,False,span<730;sales_days<180;coverage<0.35;total_qty<200
102900011030905,鱼腥草(份),花叶类,140,2022-08-29,2023-04-17,130,470,232,0.6034482759,False,span<730;sales_days<180
102900011031216,冰草(盒),花叶类,46,2022-02-23,2023-06-25,23,29,488,0.09426229508,False,span<730;sales_days<180;coverage<0.35;total_qty<200
102900011032176,紫苏(份),花叶类,33,2022-02-25,2022-07-02,33,40,128,0.2578125,False,span<730;sales_days<180;coverage<0.35;total_qty<200
102900011032282,襄甜红菜苔(袋),花叶类,7,2022-01-24,2022-02-05,7,41,13,0.5384615385,False,span<730;sales_days<180;total_qty<200
102900011032480,白蒿,花叶类,14,2023-02-15,2023-03-23,14,2.224,37,0.3783783784,False,span<730;sales_days<180;total_qty<200
102900011032589,鱼腥草,花叶类,31,2022-03-13,2022-04-27,31,28.601,46,0.6739130435,False,span<730;sales_days<180;total_qty<200
102900011032787,竹叶菜(份),花叶类,79,2022-03-13,2022-09-03,77,1077,175,0.4514285714,False,span<730;sales_days<180
102900011033081,春菜,花叶类,28,2022-03-24,2022-05-01,22,24.996,39,0.7179487179,False,span<730;sales_days<180;total_qty<200
102900011033173,槐花,花叶类,31,2022-04-16,2023-05-17,20,9.3,397,0.07808564232,False,span<730;sales_days<180;coverage<0.35;total_qty<200
102900011033234,红薯尖(份),花叶类,60,2022-03-28,2022-09-08,58,727,165,0.3636363636,False,span<730;sales_days<180
102900011033241,蔡甸藜蒿(份),花叶类,16,2022-03-28,2022-09-20,16,65,177,0.09039548023,False,span<730;sales_days<180;coverage<0.35;total_qty<200
102900011033531,红珊瑚(粗叶),花叶类,9,2022-04-09,2022-04-17,1,0.682,9,1,False,span<730;sales_days<180;total_qty<200
102900011033562,红橡叶,花叶类,6,2022-04-08,2022-04-16,1,0.419,9,0.6666666667,False,span<730;sales_days<180;total_qty<200
102900011033586,绿牛油,花叶类,9,2022-04-08,2022-04-16,1,1.153,9,1,False,span<730;sales_days<180;total_qty<200
102900011033906,保康高山大白菜,花叶类,209,2022-04-16,2023-02-13,200,6501.052,304,0.6875,False,span<730
102900011033920,黄心菜(2),花叶类,230,2022-04-17,2023-06-22,223,1883.243,432,0.5324074074,False,span<730
102900011034200,苋菜(份),花叶类,60,2022-04-16,2022-11-08,56,426,207,0.2898550725,False,span<730;sales_days<180;coverage<0.35
102900011034217,小白菜(份),花叶类,48,2022-04-18,2022-09-18,47,342,154,0.3116883117,False,span<730;sales_days<180;coverage<0.35
102900011034224,小青菜(份),花叶类,188,2022-04-18,2023-04-16,179,4059,364,0.5164835165,False,span<730;sales_days<180
102900011034231,奶白菜(份),花叶类,250,2022-04-16,2023-05-10,244,6935,390,0.641025641,False,span<730
102900011034316,芝麻苋菜,花叶类,1,2022-05-19,2022-05-19,1,9.381,1,1,False,span<730;sales_days<180;total_qty<200
102900011034323,鲜粽叶,花叶类,9,2022-05-22,2022-06-01,9,6.009,11,0.8181818182,False,span<730;sales_days<180;total_qty<200
102900011034354,鲜粽叶(袋)(1),花叶类,7,2022-05-27,2022-06-09,7,200,14,0.5,False,span<730;sales_days<180
102900011035481,外地茼蒿(份),花叶类,24,2022-09-08,2022-10-08,22,127,31,0.7741935484,False,span<730;sales_days<180;total_qty<200
102900011035764,龙牙菜,花叶类,66,2022-10-15,2023-02-08,63,186.831,117,0.5641025641,False,span<730;sales_days<180;total_qty<200
102900011035771,黄白菜(1),花叶类,80,2022-10-13,2023-01-15,70,156.054,95,0.8421052632,False,span<730;sales_days<180;total_qty<200
102900011035849,大白菜秧,花叶类,4,2023-03-07,2023-04-05,4,16.538,30,0.1333333333,False,span<730;sales_days<180;coverage<0.35;total_qty<200
102900011036686,木耳菜(份),花叶类,25,2023-05-15,2023-06-30,25,27,47,0.5319148936,False,span<730;sales_days<180;total_qty<200
102900051000890,芥兰,花叶类,1,2021-07-22,2021-07-22,1,0.671,1,1,False,span<730;sales_days<180;total_qty<200
102900051009220,油菜苔,花叶类,18,2021-02-25,2021-04-09,18,40.726,44,0.4090909091,False,span<730;sales_days<180;total_qty<200
102900051010455,黄白菜(2),花叶类,974,2020-07-01,2023-06-30,904,7993.683,1095,0.8894977169,True,included
102900051010790,紫贝菜,花叶类,61,2021-02-22,2023-05-26,53,27.022,824,0.07402912621,False,sales_days<180;coverage<0.35;total_qty<200
106971563780002,鲜粽叶(袋)(2),花叶类,4,2022-05-18,2022-05-26,4,8,9,0.4444444444,False,span<730;sales_days<180;total_qty<200
106972776821582,鲜粽叶(袋)(3),花叶类,31,2023-05-13,2023-06-18,31,128,37,0.8378378378,False,span<730;sales_days<180;total_qty<200
102900005116714,西兰花,花菜类,1085,2020-07-01,2023-06-30,1076,27555.945,1095,0.9908675799,True,included
102900011000632,紫白菜(1),花菜类,28,2021-01-17,2022-07-18,15,13.251,548,0.05109489051,False,span<730;sales_days<180;coverage<0.35;total_qty<200
102900011009970,青梗散花,花菜类,813,2020-07-01,2023-06-30,444,8394.375,1095,0.7424657534,True,included
102900011033913,紫白菜(2),花菜类,2,2022-04-21,2022-04-23,2,0.615,3,0.6666666667,False,span<730;sales_days<180;total_qty<200
102900011034026,枝江青梗散花,花菜类,351,2022-06-27,2023-06-30,337,5825.591,369,0.9512195122,False,span<730
102900005116257,紫茄子(2),茄类,1034,2020-07-01,2023-06-30,1022,13608.976,1095,0.9442922374,True,included
102900005116509,青茄子(1),茄类,997,2020-07-01,2023-06-30,845,3519.011,1095,0.9105022831,True,included
102900011000335,紫圆茄,茄类,11,2021-07-17,2022-07-02,8,7.658,351,0.03133903134,False,span<730;sales_days<180;coverage<0.35;total_qty<200
102900011009444,大龙茄子,茄类,213,2020-07-05,2021-06-28,197,1167.218,359,0.5933147632,False,span<730
102900011016909,花茄子,茄类,95,2020-09-05,2022-07-13,81,101.379,677,0.1403249631,False,span<730;sales_days<180;coverage<0.35;total_qty<200
102900011022764,长线茄,茄类,473,2021-01-30,2023-06-30,454,2497.527,882,0.5362811791,True,included
102900011033975,青茄子(2),茄类,58,2022-07-30,2023-01-25,52,190.522,180,0.3222222222,False,span<730;sales_days<180;coverage<0.35;total_qty<200
102900011033982,紫茄子(1),茄类,50,2022-08-06,2023-06-29,44,297.158,328,0.1524390244,False,span<730;sales_days<180;coverage<0.35
102900011033999,圆茄子(1),茄类,3,2022-09-06,2022-09-09,3,4.981,4,0.75,False,span<730;sales_days<180;total_qty<200
102900051000463,圆茄子(2),茄类,752,2020-08-27,2023-06-30,501,1047.689,1038,0.7244701349,True,included
102900005116219,红尖椒,辣椒类,363,2020-07-30,2023-06-30,314,439.567,1066,0.3405253283,False,coverage<0.35
102900005116226,青尖椒,辣椒类,655,2020-07-01,2023-04-30,617,1187.429,1034,0.6334622824,True,included
102900005116233,红椒(1),辣椒类,768,2020-07-01,2023-06-24,755,3459.754,1089,0.7052341598,True,included
102900005116905,青杭椒(1),辣椒类,89,2020-09-08,2022-09-04,5,1.817,727,0.1224209078,False,span<730;sales_days<180;coverage<0.35;total_qty<200
102900005116943,红杭椒,辣椒类,728,2020-07-01,2023-06-23,588,659.161,1088,0.6691176471,True,included
102900005117056,泡泡椒(精品),辣椒类,251,2020-07-01,2022-02-14,228,9707.027,594,0.4225589226,False,span<730
102900005117209,七彩椒(1),辣椒类,544,2020-07-01,2023-06-29,284,263.192,1094,0.4972577697,True,included
102900005119968,青杭椒(2),辣椒类,262,2020-09-05,2023-05-12,90,128.5,980,0.2673469388,False,sales_days<180;coverage<0.35;total_qty<200
102900005123880,灯笼椒(1),辣椒类,440,2020-07-01,2023-05-27,217,212.043,1061,0.4147031103,True,included
102900005125808,小米椒,辣椒类,714,2020-07-01,2023-05-02,585,1447.586,1036,0.6891891892,True,included
102900011000328,螺丝椒,辣椒类,910,2020-07-02,2023-06-30,858,7794.899,1094,0.831809872,True,included
102900011000861,红线椒,辣椒类,37,2021-07-03,2022-07-19,32,27.805,382,0.09685863874,False,span<730;sales_days<180;coverage<0.35;total_qty<200
102900011001219,红灯笼椒(1),辣椒类,554,2020-07-01,2023-06-21,272,278.612,1086,0.5101289134,True,included
102900011009772,水果辣椒(橙色),辣椒类,1,2022-02-05,2022-02-05,1,0.415,1,1,False,span<730;sales_days<180;total_qty<200
102900011016701,芜湖青椒(1),辣椒类,869,2020-09-12,2023-06-30,858,28181.741,1022,0.8502935421,True,included
102900011022030,组合椒系列,辣椒类,176,2021-01-22,2021-08-22,176,643,213,0.8262910798,False,span<730;sales_days<180
102900011023648,芜湖青椒(2),辣椒类,1,2022-05-07,2022-05-07,0,0,1,1,False,span<730;sales_days<180;total_qty<200
102900011027479,小皱皮,辣椒类,271,2021-07-15,2023-05-26,81,163.64,681,0.3979441997,False,span<730;sales_days<180;total_qty<200
102900011028407,余干椒,辣椒类,25,2021-09-03,2022-07-07,20,33.907,308,0.08116883117,False,span<730;sales_days<180;coverage<0.35;total_qty<200
102900011029176,辣妹子,辣椒类,74,2021-10-04,2022-01-04,73,120.249,93,0.7956989247,False,span<730;sales_days<180;total_qty<200
102900011029275,紫尖椒,辣椒类,3,2021-12-10,2021-12-12,2,1.754,3,1,False,span<730;sales_days<180;total_qty<200
102900011029299,紫螺丝椒,辣椒类,16,2022-06-18,2023-01-23,10,6.843,220,0.07272727273,False,span<730;sales_days<180;coverage<0.35;total_qty<200
102900011029305,水果辣椒,辣椒类,129,2021-12-31,2023-01-24,30,28.571,390,0.3307692308,False,span<730;sales_days<180;coverage<0.35;total_qty<200
102900011031100,小米椒(份),辣椒类,496,2021-12-20,2023-06-30,488,10847,558,0.8888888889,False,span<730
102900011031582,青尖椒(份),辣椒类,198,2022-01-08,2023-01-07,193,932,365,0.5424657534,False,span<730
102900011031735,七彩椒(份),辣椒类,10,2022-01-19,2022-02-12,10,18,25,0.4,False,span<730;sales_days<180;total_qty<200
102900011031742,灯笼椒(份),辣椒类,4,2022-01-14,2022-01-24,4,6,11,0.3636363636,False,span<730;sales_days<180;total_qty<200
102900011031759,红灯笼椒(份),辣椒类,8,2022-01-09,2022-02-11,8,13,34,0.2352941176,False,span<730;sales_days<180;coverage<0.35;total_qty<200
102900011032022,小皱皮(份),辣椒类,457,2022-01-21,2023-06-30,441,5178,526,0.8688212928,False,span<730
102900011032145,芜湖青椒(份),辣椒类,3,2022-04-08,2022-04-16,0,0,9,0.3333333333,False,span<730;sales_days<180;coverage<0.35;total_qty<200
102900011032206,青杭椒(份),辣椒类,125,2022-02-08,2022-10-21,110,457,256,0.48828125,False,span<730;sales_days<180
102900011032213,红杭椒(份),辣椒类,203,2022-02-08,2023-01-28,192,708,355,0.5718309859,False,span<730
102900011032220,水果辣椒(份),辣椒类,91,2022-02-17,2022-08-02,85,283,167,0.5449101796,False,span<730;sales_days<180
102900011032237,青线椒(份),辣椒类,305,2022-02-07,2023-06-28,280,2307,507,0.6015779093,False,span<730
102900011032244,红尖椒(份),辣椒类,261,2022-02-12,2023-03-14,246,953,396,0.6590909091,False,span<730
102900011032251,螺丝椒(份),辣椒类,392,2022-02-18,2023-06-30,382,8240,498,0.7871485944,False,span<730
102900011032343,七彩椒(2),辣椒类,263,2022-03-05,2023-06-29,258,370.209,482,0.5456431535,False,span<730
102900011032350,灯笼椒(2),辣椒类,101,2022-02-19,2023-02-17,101,76.596,364,0.2774725275,False,span<730;sales_days<180;coverage<0.35;total_qty<200
102900011032367,红灯笼椒(2),辣椒类,190,2022-02-21,2023-02-17,182,214.81,362,0.5248618785,False,span<730
102900011032848,姜蒜小米椒组合装(小份),辣椒类,376,2022-03-16,2023-06-30,366,1868,472,0.7966101695,False,span<730
102900011034262,红椒(份),辣椒类,31,2022-06-21,2022-09-29,27,93,101,0.3069306931,False,span<730;sales_days<180;coverage<0.35;total_qty<200
102900011034439,青红杭椒组合装(份),辣椒类,230,2022-07-26,2023-06-30,228,1258,340,0.6764705882,False,span<730
102900011035078,红椒(2),辣椒类,298,2022-08-14,2023-06-30,288,769.634,321,0.9283489097,False,span<730
102900011036242,青红尖椒组合装(份),辣椒类,24,2023-02-28,2023-04-18,24,45,50,0.48,False,span<730;sales_days<180;total_qty<200
102900051004294,青线椒,辣椒类,818,2020-07-01,2023-06-30,747,2220.351,1095,0.7470319635,True,included
102900005115250,西峡花菇(1),食用菌,326,2020-09-18,2023-06-30,297,2813.715,1016,0.3208661417,False,coverage<0.35
102900005116530,西峡香菇(1),食用菌,867,2020-07-01,2023-06-13,821,11929.1,1078,0.8042671614,True,included
102900005116547,金针菇(1),食用菌,779,2020-07-01,2023-06-30,448,4699.9,1095,0.7114155251,True,included
102900005116837,平菇,食用菌,851,2020-07-07,2023-06-30,362,2543.49,1089,0.7814508724,True,included
102900005116912,姬菇(1),食用菌,535,2020-07-01,2022-09-08,308,375.222,800,0.66875,True,included
102900005117353,白玉菇(1),食用菌,9,2021-05-19,2021-07-22,8,22,65,0.1384615385,False,span<730;sales_days<180;coverage<0.35;total_qty<200
102900005119098,双孢菇,食用菌,457,2020-09-18,2022-05-30,223,628.043,620,0.7370967742,False,span<730
102900005119104,蟹味菇(1),食用菌,244,2020-12-18,2022-11-05,51,102,688,0.3546511628,False,span<730;sales_days<180;total_qty<200
102900005119944,海鲜菇(1),食用菌,571,2020-07-01,2022-11-21,326,502.504,874,0.6533180778,True,included
102900005125815,杏鲍菇(1),食用菌,777,2020-07-01,2023-06-30,452,2405.298,1095,0.7095890411,True,included
102900011001806,姬菇(包),食用菌,555,2020-07-16,2023-01-15,359,1073,914,0.6072210066,True,included
102900011001813,金针菇(袋)(1),食用菌,150,2020-07-05,2022-12-09,123,2150,888,0.1689189189,False,sales_days<180;coverage<0.35
102900011007044,银耳(朵),食用菌,270,2020-09-29,2023-04-29,141,288,943,0.2863202545,False,sales_days<180;coverage<0.35
102900011008577,猴头菇,食用菌,3,2020-11-12,2022-03-09,3,3,483,0.006211180124,False,span<730;sales_days<180;coverage<0.35;total_qty<200
102900011009246,鲜木耳(1),食用菌,447,2020-08-07,2022-11-24,252,212.171,840,0.5321428571,True,included
102900011010563,鸡枞菌,食用菌,3,2020-09-24,2020-09-26,3,1.215,3,1,False,span<730;sales_days<180;total_qty<200
102900011011058,黑牛肝菌,食用菌,3,2022-08-28,2023-05-26,3,1.084,272,0.01102941176,False,span<730;sales_days<180;coverage<0.35;total_qty<200
102900011011546,海鲜菇(袋)(1),食用菌,190,2020-07-14,2021-12-18,172,1266,523,0.3632887189,False,span<730;sales_days<180
102900011011669,秀珍菇,食用菌,29,2020-11-25,2023-03-03,17,14.708,829,0.03498190591,False,sales_days<180;coverage<0.35;total_qty<200
102900011011782,虫草花(盒)(1),食用菌,3,2020-11-01,2020-11-05,0,0,5,0.6,False,span<730;sales_days<180;total_qty<200
102900011012482,茶树菇(袋),食用菌,49,2022-11-01,2023-02-03,48,90,95,0.5157894737,False,span<730;sales_days<180;total_qty<200
102900011012871,黑皮鸡枞菌,食用菌,16,2020-09-22,2020-12-25,16,5.795,95,0.1684210526,False,span<730;sales_days<180;coverage<0.35;total_qty<200
102900011012994,杏鲍菇(袋),食用菌,552,2020-08-07,2023-02-11,327,1343,919,0.6006528836,True,included
102900011013274,白玉菇(袋),食用菌,860,2020-08-07,2023-06-30,698,2927,1058,0.8128544423,True,included
102900011018095,虫草花(袋),食用菌,142,2020-10-15,2021-03-14,141,978,151,0.940397351,False,span<730;sales_days<180
102900011021675,赤松茸,食用菌,5,2022-03-19,2023-04-19,3,2.388,397,0.01259445844,False,span<730;sales_days<180;coverage<0.35;total_qty<200
102900011021699,牛排菇,食用菌,80,2020-12-12,2022-05-11,10,6.602,516,0.1550387597,False,span<730;sales_days<180;coverage<0.35;total_qty<200
102900011023075,活体银耳,食用菌,1,2021-03-31,2021-03-31,1,1,1,1,False,span<730;sales_days<180;total_qty<200
102900011026793,杏鲍菇(250克),食用菌,8,2021-07-05,2021-10-10,5,10,98,0.08163265306,False,span<730;sales_days<180;coverage<0.35;total_qty<200
102900011030561,赤松茸(盒),食用菌,5,2021-12-29,2022-01-05,5,5,8,0.625,False,span<730;sales_days<180;total_qty<200
102900011030608,牛排菇(盒),食用菌,25,2021-12-30,2023-03-03,24,35,429,0.05827505828,False,span<730;sales_days<180;coverage<0.35;total_qty<200
102900011030615,猪肚菇(盒),食用菌,6,2021-12-29,2022-01-11,6,7,14,0.4285714286,False,span<730;sales_days<180;total_qty<200
102900011030622,黑牛肝菌(盒),食用菌,3,2021-12-29,2021-12-31,3,4,3,1,False,span<730;sales_days<180;total_qty<200
102900011030639,黑皮鸡枞菌(盒),食用菌,3,2022-01-02,2022-01-05,3,4,4,0.75,False,span<730;sales_days<180;total_qty<200
102900011030912,海鲜菇(份),食用菌,172,2022-02-08,2023-01-03,162,1303,330,0.5212121212,False,span<730;sales_days<180
102900011030929,鲜木耳(份),食用菌,191,2022-07-04,2023-06-26,182,741,358,0.5335195531,False,span<730
102900011031599,杏鲍菇(份),食用菌,22,2022-01-06,2022-04-14,19,102,99,0.2222222222,False,span<730;sales_days<180;coverage<0.35;total_qty<200
102900011031841,双孢菇(份),食用菌,7,2022-02-08,2022-11-19,4,10,285,0.02456140351,False,span<730;sales_days<180;coverage<0.35;total_qty<200
102900011031858,金针菇(份),食用菌,1,2022-08-27,2022-08-27,1,1,1,1,False,span<730;sales_days<180;total_qty<200
102900011031926,虫草花(份),食用菌,248,2022-01-19,2023-06-30,245,1109,528,0.4696969697,False,span<730
102900011031995,姬菇(份),食用菌,109,2022-01-25,2022-12-16,100,683,326,0.3343558282,False,span<730;sales_days<180;coverage<0.35
102900011032619,西峡香菇(2),食用菌,71,2022-03-15,2022-12-17,69,414.593,278,0.2553956835,False,span<730;sales_days<180;coverage<0.35
102900011032626,鲜木耳(2),食用菌,41,2022-03-13,2022-05-01,41,28.535,50,0.82,False,span<730;sales_days<180;total_qty<200
102900011032633,海鲜菇(2),食用菌,43,2022-03-13,2022-04-29,43,51.895,48,0.8958333333,False,span<730;sales_days<180;total_qty<200
102900011032640,姬菇(2),食用菌,33,2022-03-13,2022-04-29,33,16.953,48,0.6875,False,span<730;sales_days<180;total_qty<200
102900011033937,金针菇(2),食用菌,92,2022-04-17,2022-12-16,89,473.315,244,0.3770491803,False,span<730;sales_days<180
102900011033944,杏鲍菇(2),食用菌,299,2022-04-18,2023-05-24,293,1304.983,402,0.7437810945,False,span<730
102900011033968,西峡花菇(2),食用菌,21,2022-04-16,2022-12-14,10,9.24,243,0.08641975309,False,span<730;sales_days<180;coverage<0.35;total_qty<200
102900011034330,双孢菇(盒),食用菌,388,2022-05-25,2023-06-30,293,4233,402,0.9651741294,False,span<730
102900011034538,花菇(一人份),食用菌,3,2023-01-31,2023-02-13,3,3,14,0.2142857143,False,span<730;sales_days<180;coverage<0.35;total_qty<200
102900011034705,菌菇火锅套餐(份),食用菌,4,2023-01-06,2023-01-19,4,8,14,0.2857142857,False,span<730;sales_days<180;coverage<0.35;total_qty<200
102900011035740,蟹味菇与白玉菇双拼(盒),食用菌,137,2023-01-20,2023-06-30,137,371,162,0.8456790123,False,span<730;sales_days<180
102900011035788,西峡香菇(份) ,食用菌,74,2022-10-13,2023-02-18,65,379,129,0.5736434109,False,span<730;sales_days<180
102900011036068,菌蔬四宝(份),食用菌,4,2022-12-29,2023-01-01,4,13,4,1,False,span<730;sales_days<180;total_qty<200
102900011036266,鹿茸菇(盒),食用菌,2,2023-02-13,2023-02-17,2,3,5,0.4,False,span<730;sales_days<180;total_qty<200
102900051009336,虫草花,食用菌,386,2020-08-31,2023-06-02,82,39.977,1006,0.3836978131,False,sales_days<180;total_qty<200
106930274220092,蟹味菇(袋),食用菌,104,2020-12-10,2021-12-17,99,400,373,0.2788203753,False,span<730;sales_days<180;coverage<0.35
106930274620090,海鲜菇(袋)(2),食用菌,53,2022-12-25,2023-02-23,51,709,61,0.868852459,False,span<730;sales_days<180
106931885000035,绣球菌,食用菌,6,2020-10-04,2021-04-12,6,7,191,0.03141361257,False,span<730;sales_days<180;coverage<0.35;total_qty<200
106931885000356,绣球菌(袋),食用菌,2,2022-04-25,2022-04-30,2,2,6,0.3333333333,False,span<730;sales_days<180;coverage<0.35;total_qty<200
106949711300068,金针菇(袋)(3),食用菌,265,2020-12-08,2021-09-08,258,2549,275,0.9636363636,False,span<730
106949711300167,金针菇(袋)(2),食用菌,218,2021-09-06,2022-09-12,215,3181,372,0.5860215054,False,span<730
106949711300259,金针菇(盒),食用菌,441,2022-01-16,2023-06-30,429,15602,531,0.8305084746,False,span<730
106956146480197,白玉菇(2),食用菌,59,2020-07-12,2021-05-29,59,251,322,0.1832298137,False,span<730;sales_days<180;coverage<0.35
106956146480203,蟹味菇(2),食用菌,32,2020-07-10,2022-02-07,32,95,578,0.0553633218,False,span<730;sales_days<180;coverage<0.35;total_qty<200
106957634300010,白玉菇(盒),食用菌,42,2022-01-13,2022-03-05,42,168,52,0.8076923077,False,span<730;sales_days<180;total_qty<200
106957634300058,蟹味菇(盒),食用菌,33,2022-01-13,2022-09-25,32,81,256,0.12890625,False,span<730;sales_days<180;coverage<0.35;total_qty<200
106958851400125,海鲜菇(袋)(4),食用菌,321,2020-12-29,2022-02-10,314,2150,409,0.7848410758,False,span<730
106971533450003,海鲜菇(包),食用菌,120,2021-10-11,2023-06-30,119,1303,628,0.1910828025,False,span<730;sales_days<180;coverage<0.35
106971533455008,海鲜菇(袋)(3),食用菌,245,2022-01-13,2023-04-24,240,1776,467,0.5246252677,False,span<730
106973223300667,虫草花(盒)(2),食用菌,2,2021-02-04,2021-07-01,1,1,148,0.01351351351,False,span<730;sales_days<180;coverage<0.35;total_qty<200
106973990980123,和丰阳光海鲜菇(包),食用菌,23,2022-07-08,2022-08-02,19,109,26,0.8846153846,False,span<730;sales_days<180;total_qty<200
